scope,rule,L,rho,target,R2_controls,R2_controls_std,R2_iso,R2_iso_std,R2_coarse,R2_coarse_std,R2_entropy,R2_entropy_std,R2_all,R2_all_std,R2_null_iso_shuffle,R2_null_iso_shuffle_std,R2_null_target_shuffle,R2_null_target_shuffle_std,deltaR2_iso,deltaR2_coarse,deltaR2_entropy,deltaR2_all,deltaR2_null_iso_shuffle,deltaR2_null_target_shuffle,iso_slope_standardized,null_iso_slope_standardized,iso_slope_ci_low,iso_slope_ci_high,null_iso_slope_ci_low,null_iso_slope_ci_high,deltaR2_iso_ci_low,deltaR2_iso_ci_high,deltaR2_coarse_ci_low,deltaR2_coarse_ci_high,deltaR2_entropy_ci_low,deltaR2_entropy_ci_high,deltaR2_all_ci_low,deltaR2_all_ci_high,deltaR2_null_iso_shuffle_ci_low,deltaR2_null_iso_shuffle_ci_high,TSI,TSI_norm,verdict_component
condition,GoL,64.0,0.2,target_fine_net,0.022797853861924476,0.03963921992573288,0.16668322442880695,0.04921295968750367,0.024926241477055754,0.041963833947472384,0.029050251002794326,0.03793157144031998,0.29369120756983846,0.060865071031768865,0.024757601399535444,0.03829602004843157,-0.004626375039617159,0.00386976171836149,0.14388537056688247,0.002128387615131278,0.00625239714086985,0.270893353707914,0.0019597475376109674,-0.027424228901541635,0.013535315459118331,0.03454527162256878,-0.06037996119807789,0.09162747549195914,-0.02211402809153463,0.09095330452087132,,,,,,,,,,,0.14382188024117012,2266.2209199851486,
condition,GoL,64.0,0.2,target_delta_components,0.022797853861924476,0.03963921992573288,0.16668322442880695,0.04921295968750367,0.024926241477055754,0.041963833947472384,0.029050251002794326,0.03793157144031998,0.29369120756983846,0.060865071031768865,0.024757601399535444,0.03829602004843157,-0.014973392369896832,0.004451149706615287,0.14388537056688247,0.002128387615131278,0.00625239714086985,0.270893353707914,0.0019597475376109674,-0.03777124623182131,0.013535315459118331,0.03454527162256878,-0.06790330424927753,0.08442567654645204,-0.03653658612372422,0.09759768307600906,,,,,,,,,,,0.14382188024117012,2266.2209199851486,
condition,GoL,64.0,0.2,target_delta_density,0.08565878818835482,0.0396761384995618,0.0841525776714549,0.037804034845973895,0.0852932088000159,0.03879464694083522,0.08437955519908387,0.037699529308120816,0.08691037534121815,0.0360845635237062,0.08562964864220893,0.03933238683975468,-0.009851028889421798,0.01024601544488897,-0.0015062105168999196,-0.00036557938833892134,-0.001279232989270948,0.0012515871528633316,-2.9139546145889872e-05,-0.09550981707777662,0.09286933236977245,0.018520543559963715,0.0038235182284436994,0.1737011839582956,-0.044998348307352165,0.07706107631240924,,,,,,,,,,,0.14382188024117012,2266.2209199851486,
condition,GoL,64.0,0.2,target_delta_block_var,-0.003256107714037437,0.0023848203944383784,-0.003192617388325103,0.0048372479415858625,0.04769498410744553,0.028273421613213643,0.016641688531147024,0.02346479631092149,0.04573011561676223,0.03819890082806904,-0.004139592141838922,0.002431229415181466,-0.01119563439574862,0.013047642531911553,6.349032571233409e-05,0.05095109182148296,0.019897796245184462,0.04898622333079967,-0.0008834844278014847,-0.007939526681711183,0.10602948280451488,0.00809833270071747,0.027131328220051883,0.1920889188624977,-0.048139566388081145,0.06487551816624937,,,,,,,,,,,0.14382188024117012,2266.2209199851486,
condition,GoL,64.0,0.2,target_delta_block_entropy,-0.007490067992664118,0.006224197112689205,-0.007453323879701301,0.0061636066817956385,0.12079377280246598,0.029475709006372527,0.22811232602036666,0.03877832311591848,0.22815658417014556,0.04595350802700365,-0.007836659297436687,0.005957662059058086,-0.011989647607151311,0.01159363213153934,3.6744112962817065e-05,0.12828384079513008,0.23560239401303076,0.23564665216280967,-0.0003465913047725694,-0.004499579614487193,0.07715289422200629,0.007978661233249756,-0.0021246320251336608,0.15855954771806047,-0.052865631853164716,0.07685415482965244,,,,,,,,,,,0.14382188024117012,2266.2209199851486,
condition,GoL,64.0,0.2,target_future_density,-0.008437142906870632,0.007731730763338952,-0.008670646066621357,0.007508175779948609,-0.008469841661919109,0.007687131326853244,-0.00860254678280401,0.00735237397749816,-0.015432022272161871,0.009214197302625324,-0.008420911999026481,0.007306839264000865,-0.00572001963089952,0.004925878602495411,-0.0002335031597507243,-3.2698755048476275e-05,-0.00016540387593337764,-0.006994879365291239,1.6230907844151307e-05,0.0027171232759711124,0.09772794810479327,0.019489477028800294,-0.0002529248510110334,0.19194531655782626,-0.039190401153342935,0.07662426293865653,,,,,,,,,,,0.14382188024117012,2266.2209199851486,
condition,GoL,64.0,0.2,target_future_live_count,-0.008437142906870632,0.007731730763338952,-0.008670646066621357,0.007508175779948609,-0.008469841661919109,0.007687131326853244,-0.00860254678280401,0.00735237397749816,-0.015432022272161871,0.009214197302625324,-0.008420911999026481,0.007306839264000865,-0.0026921360222212478,0.0026441445618480123,-0.0002335031597507243,-3.2698755048476275e-05,-0.00016540387593337764,-0.006994879365291239,1.6230907844151307e-05,0.0057450068846493845,0.09772794810479327,0.019489477028800294,0.0004029703328821926,0.18074957504349176,-0.0436986851664232,0.08015708926412655,,,,,,,,,,,0.14382188024117012,2266.2209199851486,
condition,GoL,64.0,0.25,target_fine_net,-0.001557602005444836,0.005361879805144724,0.1948815822092254,0.06774491109281129,0.02096702044359533,0.01739959759150237,0.013442170586482916,0.02286096254521003,0.2719315148472973,0.08016130236043811,-0.004867848025646326,0.0076065755730247465,-0.004741983520984672,0.0039787768812481646,0.19643918421467024,0.022524622449040167,0.014999772591927751,0.27348911685274213,-0.0033102460202014904,-0.003184381515539836,-0.10969298175328004,0.042955903075303586,-0.19367939259938616,-0.03634372698910061,-0.022513569192670682,0.10020463755770613,,,,,,,,,,,0.1969093748992142,-417.78709884967765,
condition,GoL,64.0,0.25,target_delta_components,-0.001557602005444836,0.005361879805144724,0.1948815822092254,0.06774491109281129,0.02096702044359533,0.01739959759150237,0.013442170586482916,0.02286096254521003,0.2719315148472973,0.08016130236043811,-0.004867848025646326,0.0076065755730247465,-0.00801086075717361,0.00557510570630622,0.19643918421467024,0.022524622449040167,0.014999772591927751,0.27348911685274213,-0.0033102460202014904,-0.006453258751728775,-0.10969298175328004,0.042955903075303586,-0.1989104262939819,-0.023611535945217303,-0.013494702513274514,0.09725818329694683,,,,,,,,,,,0.1969093748992142,-417.78709884967765,
condition,GoL,64.0,0.25,target_delta_density,0.13374556599386905,0.034349115838880714,0.13089539537092326,0.031645590382434655,0.13253637389900508,0.03855906437300549,0.13376443312770298,0.035107415566213426,0.12440369426823794,0.03824004073233253,0.13135956954010647,0.033919065658288255,-0.011525834132807588,0.007999369188144005,-0.0028501706229457913,-0.0012091920948639756,1.8867133833921912e-05,-0.009341871725631112,-0.0023859964537625844,-0.14527140012667664,-0.059578073912337756,0.037380632995441726,-0.1527479326523471,0.035293549916519465,-0.01657646268100305,0.0922787797619745,,,,,,,,,,,0.1969093748992142,-417.78709884967765,
condition,GoL,64.0,0.25,target_delta_block_var,-0.0033426246745696274,0.0030826402675258745,-0.003915698587450889,0.0029967240276684874,0.03429310331672426,0.04181133561955875,0.024746707555465864,0.028984470973999418,0.031063090029357875,0.03852696363620418,-0.005111977273362545,0.002536349095608813,-0.0024619843533902454,0.008050347876928252,-0.0005730739128812614,0.03763572799129389,0.028089332230035492,0.034405714703927504,-0.0017693525987929172,0.0008806403211793819,-0.014557943312240315,0.0023540327253425727,-0.10908572229504943,0.08963472655025473,-0.053505020284063745,0.06267140636052076,,,,,,,,,,,0.1969093748992142,-417.78709884967765,
condition,GoL,64.0,0.25,target_delta_block_entropy,-0.006909039125165095,0.00737452790079564,-0.007379229809709065,0.004941416498241205,0.15164737287646585,0.06744682886280821,0.2607408702732527,0.05038981957560581,0.25330646415218133,0.052710448071537006,-0.007546909839933802,0.0065276924758060914,-0.006825102827714646,0.004436311177278515,-0.0004701906845439698,0.15855641200163095,0.2676499093984178,0.26021550327734644,-0.0006378707147687073,8.393629745044855e-05,-0.03588216493977988,0.02013986241597,-0.1192917035346535,0.04410872634616219,-0.031588144950412775,0.07747502967340078,,,,,,,,,,,0.1969093748992142,-417.78709884967765,
condition,GoL,64.0,0.25,target_future_density,-0.006999406187147938,0.005372344553828755,-0.007945542661782578,0.005968613079290584,-0.0075820564410308934,0.0066015935081673496,-0.007362213968091069,0.0049148408887533,-0.010247474466382078,0.005315158236643976,-0.007766663516298289,0.0042279478800893566,-0.012373351223547635,0.013476097870177076,-0.00094613647463464,-0.0005826502538829551,-0.00036280778094313106,-0.00324806827923414,-0.0007672573291503506,-0.005373945036399696,-0.06429505354831014,0.040340172857013815,-0.16332101285840697,0.031922004008396454,-0.021237058956551362,0.1001508578336976,,,,,,,,,,,0.1969093748992142,-417.78709884967765,
condition,GoL,64.0,0.25,target_future_live_count,-0.006999406187147938,0.005372344553828755,-0.007945542661782578,0.005968613079290584,-0.0075820564410308934,0.0066015935081673496,-0.007362213968091069,0.0049148408887533,-0.010247474466382078,0.005315158236643976,-0.007766663516298289,0.0042279478800893566,-0.0008704941170217361,0.003598440621008371,-0.00094613647463464,-0.0005826502538829551,-0.00036280778094313106,-0.00324806827923414,-0.0007672573291503506,0.006128912070126202,-0.06429505354831014,0.040340172857013815,-0.15008918176973826,0.03138019352485339,-0.019695713781742518,0.10582141986440734,,,,,,,,,,,0.1969093748992142,-417.78709884967765,
condition,GoL,64.0,0.3,target_fine_net,-0.005747297736163804,0.023310740829026556,0.24669600550866014,0.056221080581354985,0.013311686282162682,0.02990288875594932,0.012230389598258928,0.028213762837580092,0.3573613767163858,0.06874365901309093,-0.008247349847582708,0.022524168092276246,-0.007159968657241,0.004928080537826622,0.25244330324482395,0.019058984018326487,0.01797768733442273,0.3631086744525496,-0.0025000521114189045,-0.0014126709210771967,-0.14453700531944433,0.0030360180559665293,-0.22229691576903202,-0.07018548715548224,-0.06439925590079243,0.06006881526131661,,,,,,,,,,,0.2529514682042104,-496.77529974700883,
condition,GoL,64.0,0.3,target_delta_components,-0.005747297736163804,0.023310740829026556,0.24669600550866014,0.056221080581354985,0.013311686282162682,0.02990288875594932,0.012230389598258928,0.028213762837580092,0.3573613767163858,0.06874365901309093,-0.008247349847582708,0.022524168092276246,0.00350271367181616,0.006080122492236591,0.25244330324482395,0.019058984018326487,0.01797768733442273,0.3631086744525496,-0.0025000521114189045,0.009250011407979965,-0.14453700531944433,0.0030360180559665293,-0.21371671560031014,-0.06311746704807578,-0.05025523421273407,0.05962742216324863,,,,,,,,,,,0.2529514682042104,-496.77529974700883,
condition,GoL,64.0,0.3,target_delta_density,0.14601584000485507,0.059459191606290575,0.1446908689402626,0.05564792387092993,0.1436880261129637,0.058487602332330225,0.14509828987322032,0.059376103202647995,0.14111717357152836,0.05059720296563243,0.143172535359644,0.06092252299296096,-0.005587941003675878,0.003271546559869114,-0.0013249710645924784,-0.0023278138918913782,-0.0009175501316347479,-0.004898666433326704,-0.00284330464521107,-0.15160378100853095,-0.05921765892450386,0.014039889092613639,-0.1426592150697332,0.029897236925779124,-0.03506135166769346,0.06998566288078141,,,,,,,,,,,0.2529514682042104,-496.77529974700883,
condition,GoL,64.0,0.3,target_delta_block_var,-0.004189050457902943,0.006151761321639466,-0.0046972154172893795,0.006934953011466708,0.07971695936606556,0.03605748122663064,0.0524334567445043,0.027116035584320807,0.08198884015755092,0.03831669160678711,-0.004888508704593231,0.006646019440335468,-0.002269639703709858,0.006146559083119256,-0.0005081649593864368,0.0839060098239685,0.056622507202407246,0.08617789061545386,-0.000699458246690288,0.0019194107541930846,-0.08477370631940197,0.011190571186280135,-0.164854834891339,0.004437198046562953,-0.04949308833067024,0.07003117371672674,,,,,,,,,,,0.2529514682042104,-496.77529974700883,
condition,GoL,64.0,0.3,target_delta_block_entropy,0.0006779487441366472,0.0191628037632146,-0.005571291932596578,0.019272862111829162,0.1655406520800739,0.05936394055463079,0.28570985612680866,0.06240223921029649,0.2818239310289625,0.05912952044012791,-0.0009631476415441709,0.015518885566703621,-0.006769800764631695,0.005507045904983577,-0.0062492406767332255,0.16486270333593725,0.28503190738267203,0.2811459822848259,-0.001641096385680818,-0.007447749508768343,-0.0827783439956263,0.008270160285390966,-0.16015023632223538,-0.010247077695479839,-0.050639909113952164,0.061377645829310226,,,,,,,,,,,0.2529514682042104,-496.77529974700883,
condition,GoL,64.0,0.3,target_future_density,-0.017584837819165332,0.014540193747822248,-0.019226993074170327,0.014944361283903793,-0.018852563292256975,0.013370564327456237,-0.018154525630441398,0.014459991016843737,-0.017754801996766868,0.011808056893585123,-0.01873246299357829,0.014658719560886779,-0.0073602487149837525,0.006286586061060497,-0.0016421552550049956,-0.001267725473091643,-0.0005696878112760664,-0.0001699641776015358,-0.0011476251744129591,0.01022458910418158,-0.06455472540670179,0.015305251872075971,-0.16116532525799948,0.033891599652876275,-0.04920672327636849,0.07450804671450245,,,,,,,,,,,0.2529514682042104,-496.77529974700883,
condition,GoL,64.0,0.3,target_future_live_count,-0.017584837819165332,0.014540193747822248,-0.019226993074170327,0.014944361283903793,-0.018852563292256975,0.013370564327456237,-0.018154525630441398,0.014459991016843737,-0.017754801996766868,0.011808056893585123,-0.01873246299357829,0.014658719560886779,-0.011943916941558008,0.009010472283574156,-0.0016421552550049956,-0.001267725473091643,-0.0005696878112760664,-0.0001699641776015358,-0.0011476251744129591,0.005640920877607324,-0.06455472540670179,0.015305251872075971,-0.14657263165814394,0.0280036518041625,-0.04635395731770044,0.08371342988594295,,,,,,,,,,,0.2529514682042104,-496.77529974700883,
condition,GoL,64.0,0.35,target_fine_net,0.04690407098536124,0.0703537554417319,0.2548019446993009,0.0816997306240633,0.05179671168704354,0.07155072315145145,0.04814221225077453,0.06786173232577869,0.33251906066855275,0.082776158287274,0.04503439058013299,0.07101559832853391,-0.0035149035064600655,0.003178974744439663,0.20789787371393964,0.004892640701682299,0.0012381412654132867,0.2856149896831915,-0.0018696804052282523,-0.05041897449182131,-0.16181035773376082,-0.035662241127317695,-0.22755189196820097,-0.08930065935286559,-0.09151381362951218,0.025246967349175795,,,,,,,,,,,0.2070273218427317,238.81131243122303,
condition,GoL,64.0,0.35,target_delta_components,0.04690407098536124,0.0703537554417319,0.2548019446993009,0.0816997306240633,0.05179671168704354,0.07155072315145145,0.04814221225077453,0.06786173232577869,0.33251906066855275,0.082776158287274,0.04503439058013299,0.07101559832853391,0.0007119583959573461,0.0025741985200237803,0.20789787371393964,0.004892640701682299,0.0012381412654132867,0.2856149896831915,-0.0018696804052282523,-0.046192112589403894,-0.16181035773376082,-0.035662241127317695,-0.22784791502721596,-0.09226833781703865,-0.09791634713819748,0.020847895597174145,,,,,,,,,,,0.2070273218427317,238.81131243122303,
condition,GoL,64.0,0.35,target_delta_density,0.10964969898015067,0.06059914995426364,0.10871096646083837,0.06028107752710367,0.1082200489540589,0.05876474876188439,0.10889082432556436,0.05978182589342564,0.10249437749730109,0.057022213275155734,0.10681487898003277,0.05660466681615816,-0.01478089337127204,0.017513020080030757,-0.0009387325193122992,-0.0014296500260917722,-0.0007588746545863084,-0.007155321482849586,-0.0028348200001179075,-0.12443059235142272,0.011934032695511132,-0.002196560353973911,-0.07030444182082365,0.09752725357532653,-0.05797705000410903,0.05768971841370795,,,,,,,,,,,0.2070273218427317,238.81131243122303,
condition,GoL,64.0,0.35,target_delta_block_var,-0.011755367852267518,0.011392268302061529,-0.01088481598105957,0.012006421066042862,0.10307840733445146,0.05427416579756877,0.06735652119193145,0.028912580254044976,0.09637682535379266,0.05135626334805956,-0.012664463862969332,0.010955618878142117,-0.006333580029535724,0.0076915794416379715,0.0008705518712079485,0.11483377518671899,0.07911188904419897,0.10813219320606018,-0.0009090960107018143,0.005421787822731794,0.015531009673183393,-0.017229101155909584,-0.06864530161195928,0.10131853158058211,-0.07586572460098545,0.04740938511125519,,,,,,,,,,,0.2070273218427317,238.81131243122303,
condition,GoL,64.0,0.35,target_delta_block_entropy,-0.020156157191392986,0.010028913868361364,-0.02011241347274346,0.011625982625331445,0.13549921562048084,0.06720136258720863,0.236073930515255,0.062025021998366944,0.22882422495678217,0.06202416687848767,-0.021348797177125078,0.010624309756793756,0.0005444041066910322,0.00642265986699795,4.374371864952417e-05,0.15565537281187383,0.25623008770664796,0.24898038214817517,-0.001192639985732092,0.02070056129808402,0.0014709997081232319,0.006482050293342082,-0.07145655565841098,0.08668164947891661,-0.04814338341119637,0.06493434285275392,,,,,,,,,,,0.2070273218427317,238.81131243122303,
condition,GoL,64.0,0.35,target_future_density,-0.02295188226235658,0.0231917985445036,-0.022163416730117236,0.020922062137954497,-0.022644450066141554,0.02106264366744572,-0.022201007238135895,0.02069184242337523,-0.02408768995085935,0.02306520388074807,-0.023378155890434106,0.021667843118935836,-0.012469419719160912,0.01897902840900626,0.000788465532239345,0.0003074321962150267,0.000750875024220686,-0.0011358076885027678,-0.00042627362807752534,0.010482462543195669,0.012806604655730268,-0.002357164654524195,-0.07009552289241852,0.09835317994763698,-0.06108398765969431,0.06145140064097315,,,,,,,,,,,0.2070273218427317,238.81131243122303,
condition,GoL,64.0,0.35,target_future_live_count,-0.02295188226235658,0.0231917985445036,-0.022163416730117236,0.020922062137954497,-0.022644450066141554,0.02106264366744572,-0.022201007238135895,0.02069184242337523,-0.02408768995085935,0.02306520388074807,-0.023378155890434106,0.021667843118935836,-0.008511907778629046,0.009292055415177768,0.000788465532239345,0.0003074321962150267,0.000750875024220686,-0.0011358076885027678,-0.00042627362807752534,0.014439974483727535,0.012806604655730268,-0.002357164654524195,-0.07618040394236572,0.10039952281401175,-0.05681926511436321,0.05423097930486469,,,,,,,,,,,0.2070273218427317,238.81131243122303,
condition,GoL,128.0,0.2,target_fine_net,0.02891415467229219,0.042920833057251605,0.17698735350670908,0.05300216911276317,0.027826096418596347,0.0401378306927786,0.02881163996613658,0.042862004217943554,0.273083655767112,0.04228894582927566,0.023487825756199277,0.036544515121935475,-0.008546640506465008,0.006062513528710604,0.14807319883441689,-0.001088058253695845,-0.00010251470615561115,0.24416950109481983,-0.005426328916092914,-0.0374607951787572,-0.054528622597019585,-0.01113942046265619,-0.13670489355160093,0.025978833124748635,-0.07021457349101594,0.04283988694288995,,,,,,,,,,,0.1469160749554013,127.9664809907024,
condition,GoL,128.0,0.2,target_delta_components,0.02891415467229219,0.042920833057251605,0.17698735350670908,0.05300216911276317,0.027826096418596347,0.0401378306927786,0.02881163996613658,0.042862004217943554,0.273083655767112,0.04228894582927566,0.023487825756199277,0.036544515121935475,-0.005471816277331731,0.003686886548536373,0.14807319883441689,-0.001088058253695845,-0.00010251470615561115,0.24416950109481983,-0.005426328916092914,-0.03438597094962392,-0.054528622597019585,-0.01113942046265619,-0.13746167878911153,0.026840847028191263,-0.07674956656261979,0.05181577037038686,,,,,,,,,,,0.1469160749554013,127.9664809907024,
condition,GoL,128.0,0.2,target_delta_density,0.09295597492521654,0.04063708174495218,0.09193838834346842,0.03859544745628842,0.09449651344604393,0.035167343103482435,0.09284103255521617,0.03932498528476645,0.09153991900956324,0.03279573899965409,0.09114411815929077,0.03904247176485269,-0.015739882092283386,0.015910170751527543,-0.0010175865817481228,0.0015405385208273892,-0.00011494237000037044,-0.0014160559156533026,-0.0018118567659257678,-0.10869585701749993,-0.021525644279476123,-0.007218497567454487,-0.11082267361792206,0.07925163186273297,-0.07063190189036903,0.05520834997579339,,,,,,,,,,,0.1469160749554013,127.9664809907024,
condition,GoL,128.0,0.2,target_delta_block_var,-0.004794243051450398,0.006419819121053709,-0.004991652097982913,0.00636143231832356,0.05736451319623555,0.03639897081390176,0.024515325013603338,0.025397928673321173,0.05573926251513859,0.035898311732669,-0.004911409974205005,0.0064071540852861895,-0.02096472370408482,0.012699584590374388,-0.00019740904653251477,0.062158756247685944,0.029309568065053734,0.060533505566588985,-0.00011716692275460724,-0.01617048065263442,-0.06647738339217385,0.0066389312688960814,-0.15148714268068955,0.02331902021264528,-0.05857462113392034,0.06987699776291731,,,,,,,,,,,0.1469160749554013,127.9664809907024,
condition,GoL,128.0,0.2,target_delta_block_entropy,-0.002385396814299079,0.004814193745460899,-0.002202514605164363,0.004849237824012934,0.16578864097323673,0.07145884122303435,0.258924173027406,0.06753931626305262,0.25737005975352933,0.0719068173871081,-0.002398465103585168,0.005028911601464123,-0.008737923756053579,0.010324128537955703,0.00018288220913471572,0.1681740377875358,0.26130956984170506,0.2597554565678284,-1.3068289286089201e-05,-0.0063525269417545,-0.040927502896376,0.016300172953679557,-0.12347605108618397,0.03627314969297445,-0.04352048659885184,0.08079526225103698,,,,,,,,,,,0.1469160749554013,127.9664809907024,
condition,GoL,128.0,0.2,target_future_density,-0.0037179990065167924,0.009238177160037745,-0.0025608751275012056,0.006556417209955684,-0.00464155381641187,0.020631005667169182,-0.0036183124641895326,0.00965475127009385,-0.003046204722114254,0.015155013000162034,-0.002436922789927065,0.0060001481662133385,-0.0031137367134824513,0.004347798120295634,0.0011571238790155868,-0.0009235548098950777,9.96865423272598e-05,0.0006717942844025383,0.0012810762165897274,0.0006042622930343411,-0.022634737987957284,-0.00759042558655606,-0.11507697747120367,0.07612991195325182,-0.07685065450753423,0.06164675438469612,,,,,,,,,,,0.1469160749554013,127.9664809907024,
condition,GoL,128.0,0.2,target_future_live_count,-0.0037179990065167924,0.009238177160037745,-0.0025608751275012056,0.006556417209955684,-0.00464155381641187,0.020631005667169182,-0.0036183124641895326,0.00965475127009385,-0.003046204722114254,0.015155013000162034,-0.002436922789927065,0.0060001481662133385,-0.012490242802100648,0.016856578558023364,0.0011571238790155868,-0.0009235548098950777,9.96865423272598e-05,0.0006717942844025383,0.0012810762165897274,-0.008772243795583856,-0.022634737987957284,-0.00759042558655606,-0.12017338831184161,0.0671663269756966,-0.07499255685079394,0.053194743236844734,,,,,,,,,,,0.1469160749554013,127.9664809907024,
condition,GoL,128.0,0.25,target_fine_net,-0.0016120478251565595,0.005548563107098016,0.19713097135855073,0.05428815371397563,0.0048330030382786274,0.007980523712766193,0.0007468473811683918,0.0040393612887818535,0.2806000996661505,0.024943272119004732,-0.0005458490615623645,0.003742818204209262,-0.005751457675217208,0.007305655092167863,0.1987430191837073,0.006445050863435187,0.0023588952063249512,0.2822121474913071,0.001066198763594195,-0.004139409850060649,-0.11458533510895592,-0.013270680638808966,-0.19259253942879961,-0.03423817389180143,-0.07551269276575101,0.0454166219888992,,,,,,,,,,,0.1975021467252402,160.1638086684684,
condition,GoL,128.0,0.25,target_delta_components,-0.0016120478251565595,0.005548563107098016,0.19713097135855073,0.05428815371397563,0.0048330030382786274,0.007980523712766193,0.0007468473811683918,0.0040393612887818535,0.2806000996661505,0.024943272119004732,-0.0005458490615623645,0.003742818204209262,-0.016671652852960083,0.022335659073747426,0.1987430191837073,0.006445050863435187,0.0023588952063249512,0.2822121474913071,0.001066198763594195,-0.015059605027803524,-0.11458533510895592,-0.013270680638808966,-0.19866398908572983,-0.03520925903485303,-0.07147648310578313,0.04883758853241027,,,,,,,,,,,0.1975021467252402,160.1638086684684,
condition,GoL,128.0,0.25,target_delta_density,0.1357428891204619,0.03280583474385182,0.1352370507809549,0.03246817967450827,0.1336056014347778,0.03136364273681657,0.13286958742564672,0.030313984089847465,0.12792449617442603,0.03364818785604955,0.13407414870708065,0.03188052914649174,-0.003720320292840218,0.004681094914569712,-0.0005058383395069865,-0.0021372876856841083,-0.0028733016948151724,-0.007818392946035868,-0.0016687404133812478,-0.13946320941330212,-0.027278933779478008,0.01688646144871659,-0.1060619554673692,0.06417761496928888,-0.03805970580341508,0.0730846228578374,,,,,,,,,,,0.1975021467252402,160.1638086684684,
condition,GoL,128.0,0.25,target_delta_block_var,-0.00266554800134895,0.004214390370157586,-0.002783273430697375,0.004592547903564115,0.05291424141330758,0.04153907831495803,0.03734635888272906,0.02418218558929876,0.04767653234562097,0.034087984908217066,-0.002790266381895323,0.006084167952782264,-0.006938064516363718,0.01067909892868971,-0.00011772542934842525,0.055579789414656536,0.04001190688407801,0.05034208034696992,-0.00012471838054637328,-0.004272516515014768,-0.025513054664065546,-0.04486639136234622,-0.1108016309404262,0.07192652059835046,-0.10894727247798558,0.021205157781349335,,,,,,,,,,,0.1975021467252402,160.1638086684684,
condition,GoL,128.0,0.25,target_delta_block_entropy,-0.0025034278545609024,0.006788114494125181,-0.0012625553960937896,0.006559893384772309,0.20195783013677032,0.042788652564026176,0.2936881645686199,0.05630079741179752,0.29158263357420455,0.05636970446872819,-0.0027906102594037695,0.0054670551101247186,-0.005562074278805351,0.004193352572966887,0.0012408724584671129,0.20446125799133122,0.2961915924231808,0.2940860614287655,-0.0002871824048428671,-0.003058646424244449,-0.02614716813152079,0.006247780290687563,-0.10847001363105124,0.05978350968774574,-0.05082827728554209,0.06804141277155398,,,,,,,,,,,0.1975021467252402,160.1638086684684,
condition,GoL,128.0,0.25,target_future_density,-0.004037199008457937,0.003485898698975297,-0.004031602055020444,0.0033545411504811123,-0.005074452068425739,0.0033301674104895904,-0.005072952265828557,0.0026662566765983946,-0.00596929816986016,0.0031231564855018407,-0.004389514278145201,0.003233519980675019,-0.003427329644435639,0.0028063273194997504,5.596953437492225e-06,-0.0010372530599678026,-0.00103575325737062,-0.0019320991614022237,-0.00035231526968726445,0.0006098693640222974,-0.029409878428589477,0.018205578792431856,-0.11495080663016104,0.05540855136530405,-0.04818190219789436,0.07846256444001103,,,,,,,,,,,0.1975021467252402,160.1638086684684,
condition,GoL,128.0,0.25,target_future_live_count,-0.004037199008457937,0.003485898698975297,-0.004031602055020444,0.0033545411504811123,-0.005074452068425739,0.0033301674104895904,-0.005072952265828557,0.0026662566765983946,-0.00596929816986016,0.0031231564855018407,-0.004389514278145201,0.003233519980675019,-0.003659792158559405,0.0033513586697574227,5.596953437492225e-06,-0.0010372530599678026,-0.00103575325737062,-0.0019320991614022237,-0.00035231526968726445,0.0003774068498985316,-0.029409878428589477,0.018205578792431856,-0.12792789245604283,0.062210179403448786,-0.041365043548161826,0.07564956104703781,,,,,,,,,,,0.1975021467252402,160.1638086684684,
condition,GoL,128.0,0.3,target_fine_net,0.009026236215259931,0.01644476830892979,0.23481196835079848,0.04031718622880736,0.010834565001380114,0.014376240793574949,0.013590517713079175,0.018740957003080233,0.35180818299613115,0.06064277551814344,0.007445135168857519,0.01739044220885335,-0.005211468915500816,0.0033527616745473625,0.22578573213553854,0.0018083287861201825,0.004564281497819244,0.3427819467808712,-0.001581101046402412,-0.014237705130760748,-0.1244472761498835,-0.02592254570655457,-0.19070713025617794,-0.05423529937366582,-0.0919655642752525,0.03466510764814842,,,,,,,,,,,0.2244365893486556,167.35483225045473,
condition,GoL,128.0,0.3,target_delta_components,0.009026236215259931,0.01644476830892979,0.23481196835079848,0.04031718622880736,0.010834565001380114,0.014376240793574949,0.013590517713079175,0.018740957003080233,0.35180818299613115,0.06064277551814344,0.007445135168857519,0.01739044220885335,-0.0011983150710377366,0.0020307154712769417,0.22578573213553854,0.0018083287861201825,0.004564281497819244,0.3427819467808712,-0.001581101046402412,-0.010224551286297668,-0.1244472761498835,-0.02592254570655457,-0.19178930186214938,-0.055134395773153405,-0.09140153798374324,0.03316314963004502,,,,,,,,,,,0.2244365893486556,167.35483225045473,
condition,GoL,128.0,0.3,target_delta_density,0.13291755677419717,0.028788359847346155,0.13426669956108012,0.02410863316932171,0.1332046790931517,0.02700481607823422,0.131851981507101,0.026578692236655363,0.1332528817663748,0.02332398783501105,0.1301576808697919,0.024083206234117274,-0.010296661723379064,0.010118067994301547,0.0013491427868829453,0.0002871223189545302,-0.0010655752670961638,0.0003353249921776158,-0.002759875904405268,-0.14321421849757623,-0.040577403695288915,-0.01948520182329837,-0.10785412507317864,0.042977945378325784,-0.07437227590789242,0.04237679156939244,,,,,,,,,,,0.2244365893486556,167.35483225045473,
condition,GoL,128.0,0.3,target_delta_block_var,-0.00757635253718818,0.008615561867410772,-0.008502816899436594,0.00788086345761815,0.0913354768736609,0.02926654643029189,0.041327424985573916,0.030618817045005377,0.08817949627541082,0.028290662054857012,-0.00996176104932014,0.010071503472976629,-0.0055929097349287195,0.007642877467181302,-0.0009264643622484145,0.09891182941084908,0.04890377752276209,0.09575584881259899,-0.0023854085121319596,0.0019834428022594604,-0.0003712284907492669,-0.03071713228170414,-0.08759003907271593,0.08574710587461479,-0.09992918853200274,0.03941777071953759,,,,,,,,,,,0.2244365893486556,167.35483225045473,
condition,GoL,128.0,0.3,target_delta_block_entropy,-0.0011230237673715004,0.010643945840803047,-0.0023473481687192655,0.007515980537423749,0.16977693988009507,0.03998628492208272,0.2691279139161284,0.04432043390769148,0.2681887559705657,0.04361971547052472,-0.0030338974046348667,0.011036665689026493,-0.002975671271150793,0.0034226151056960512,-0.001224324401347765,0.17089996364746657,0.2702509376834999,0.2693117797379372,-0.0019108736372633662,-0.0018526475037792924,-0.03205420351052408,-0.045534605836924535,-0.11215654661702887,0.04404904112041598,-0.10711296693499602,0.01955859607766808,,,,,,,,,,,0.2244365893486556,167.35483225045473,
condition,GoL,128.0,0.3,target_future_density,-0.0031543319512030267,0.003579516960032794,-0.0029285901139755044,0.007246120674276476,-0.0024536519151330703,0.0031994400414047486,-0.003362263078974914,0.003380105838258615,-0.001252253239328538,0.004941343345376031,-0.005812356188526513,0.007572087324211213,-0.004793913859300591,0.002956660556230642,0.00022574183722752234,0.0007006800360699564,-0.00020793112777188743,0.0019020787118744888,-0.0026580242373234865,-0.0016395819080975644,-0.04367023851627028,-0.02097037596468743,-0.14167779531238034,0.04678309738803434,-0.08327852889847727,0.03864766946405532,,,,,,,,,,,0.2244365893486556,167.35483225045473,
condition,GoL,128.0,0.3,target_future_live_count,-0.0031543319512030267,0.003579516960032794,-0.0029285901139755044,0.007246120674276476,-0.0024536519151330703,0.0031994400414047486,-0.003362263078974914,0.003380105838258615,-0.001252253239328538,0.004941343345376031,-0.005812356188526513,0.007572087324211213,-0.004587521985592979,0.006697310675064487,0.00022574183722752234,0.0007006800360699564,-0.00020793112777188743,0.0019020787118744888,-0.0026580242373234865,-0.0014331900343899527,-0.04367023851627028,-0.02097037596468743,-0.1353745623204891,0.04639072103947721,-0.08121038590768515,0.04122663819204006,,,,,,,,,,,0.2244365893486556,167.35483225045473,
condition,GoL,128.0,0.35,target_fine_net,0.024365922578485754,0.025348957951289674,0.22185547088414248,0.06693333892993486,0.02599736233690917,0.02318899303305792,0.02529625382201517,0.023785788150264376,0.34256894963638923,0.059143106236797485,0.02470423600259153,0.01897564780182032,-0.02014597445098021,0.016635542000469097,0.19748954830565674,0.0016314397584234162,0.0009303312435294149,0.3182030270579035,0.0003383134241057746,-0.044511897029465966,-0.11436103036139238,0.03224851994837898,-0.18673548453479036,-0.046038156871990865,-0.03049951811937233,0.09675605790473045,,,,,,,,,,,0.19850346910106076,-194.77827457443422,
condition,GoL,128.0,0.35,target_delta_components,0.024365922578485754,0.025348957951289674,0.22185547088414248,0.06693333892993486,0.02599736233690917,0.02318899303305792,0.02529625382201517,0.023785788150264376,0.34256894963638923,0.059143106236797485,0.02470423600259153,0.01897564780182032,-0.001224069589300103,0.0019163444912354871,0.19748954830565674,0.0016314397584234162,0.0009303312435294149,0.3182030270579035,0.0003383134241057746,-0.025589992167785857,-0.11436103036139238,0.03224851994837898,-0.17832279677059512,-0.0419937102060257,-0.030440332906478816,0.09492098790895853,,,,,,,,,,,0.19850346910106076,-194.77827457443422,
condition,GoL,128.0,0.35,target_delta_density,0.16691206485397847,0.06529432918106194,0.16492191421663985,0.0669237411180248,0.1649218735901587,0.06459364813146828,0.16396886080119086,0.06819596123078474,0.16488830854586561,0.06596653928726465,0.16664421733220156,0.06578158265421293,-0.0034830325972218914,0.008819617329436381,-0.0019901506373386224,-0.001990191263819774,-0.0029432040527876124,-0.0020237563081128562,-0.00026784752177691495,-0.17039509745120035,0.04640983794067291,0.011624144544991307,-0.03403876163466499,0.1291305956148287,-0.045068434617151515,0.06537956390891785,,,,,,,,,,,0.19850346910106076,-194.77827457443422,
condition,GoL,128.0,0.35,target_delta_block_var,-0.01696352756998638,0.014325184979085618,-0.018829559610246172,0.016406322509400825,0.08445840493964493,0.07960593901948046,0.04125553299719777,0.0522237069421482,0.08083209337374034,0.07539435369904202,-0.017847738230102595,0.01387340755025164,-2.360142649127095e-05,0.01230343958914426,-0.0018660320402597921,0.10142193250963132,0.05821906056718415,0.09779562094372672,-0.000884210660116215,0.01693992614349511,0.005264790716090539,-0.0023588644143338294,-0.07325580200828499,0.08451355269085167,-0.06523110028595602,0.06048116621439941,,,,,,,,,,,0.19850346910106076,-194.77827457443422,
condition,GoL,128.0,0.35,target_delta_block_entropy,-0.005613708104149828,0.016842588245240205,-0.007197683345190331,0.016845672605469788,0.17093636523505076,0.06739856865729324,0.24977817703730879,0.06370169365676076,0.24781130194260764,0.06567835051601391,-0.006658687131612706,0.017692532668893708,-0.007704138479992406,0.00959816890139396,-0.0015839752410405031,0.17655007333920059,0.2553918851414586,0.2534250100467575,-0.001044979027462878,-0.0020904303758425783,0.04585473173430541,0.02853473979264551,-0.025748233594865565,0.1175096234672207,-0.03465434727595544,0.092340569855004,,,,,,,,,,,0.19850346910106076,-194.77827457443422,
condition,GoL,128.0,0.35,target_future_density,-0.012116793635449662,0.023187007623243782,-0.013130714430853674,0.024545909765495755,-0.012433848129556413,0.021889179219126906,-0.012724293036168576,0.023077526950108663,-0.0130749914501882,0.025523215047694642,-0.011739917505068287,0.022327492555275216,-0.016937627866840988,0.026487782734740294,-0.0010139207954040115,-0.00031705449410675095,-0.0006074994007189138,-0.000958197814738538,0.0003768761303813758,-0.004820834231391326,0.05124265952015214,0.012834608082309268,-0.031677909110336216,0.13932650630924961,-0.05300307103347235,0.07719911329098104,,,,,,,,,,,0.19850346910106076,-194.77827457443422,
condition,GoL,128.0,0.35,target_future_live_count,-0.012116793635449662,0.023187007623243782,-0.013130714430853674,0.024545909765495755,-0.012433848129556413,0.021889179219126906,-0.012724293036168576,0.023077526950108663,-0.0130749914501882,0.025523215047694642,-0.011739917505068287,0.022327492555275216,-0.012831473146132578,0.022428291303943332,-0.0010139207954040115,-0.00031705449410675095,-0.0006074994007189138,-0.000958197814738538,0.0003768761303813758,-0.0007146795106829154,0.05124265952015214,0.012834608082309268,-0.022390256489415585,0.13856291380206265,-0.05368653282877048,0.08234273679269206,,,,,,,,,,,0.19850346910106076,-194.77827457443422,
condition,HighLife,64.0,0.2,target_fine_net,0.022199204783450388,0.03630193126333088,0.16189806860670583,0.06051191033296372,0.02381557991127692,0.0346131277915294,0.02284525556355519,0.03540094431394587,0.27529241915295916,0.05790281135327539,0.021478214447750908,0.03620179156433732,-0.0034132223529342864,0.0038250955478218674,0.13969886382325544,0.0016163751278265304,0.0006460507801048024,0.25309321436950877,-0.0007209903356994798,-0.025612427136384674,-0.00946974076700681,-0.023561159695495805,-0.07847074609017665,0.07125997107342436,-0.08523106725399021,0.03358712342428976,,,,,,,,,,,0.137378969569545,60.21774629687369,
condition,HighLife,64.0,0.2,target_delta_components,0.022199204783450388,0.03630193126333088,0.16189806860670583,0.06051191033296372,0.02381557991127692,0.0346131277915294,0.02284525556355519,0.03540094431394587,0.27529241915295916,0.05790281135327539,0.021478214447750908,0.03620179156433732,-0.0038354737822681615,0.005564915874212239,0.13969886382325544,0.0016163751278265304,0.0006460507801048024,0.25309321436950877,-0.0007209903356994798,-0.02603467856571855,-0.00946974076700681,-0.023561159695495805,-0.08698965515760411,0.06679346988372313,-0.08427956618850961,0.03144951351823672,,,,,,,,,,,0.137378969569545,60.21774629687369,
condition,HighLife,64.0,0.2,target_delta_density,0.06323701381628419,0.0472073819427419,0.06454753750672582,0.043340272569617755,0.06443460053730599,0.04505276535275983,0.06052209600996126,0.04864262122715585,0.06447441405055425,0.046901883390247305,0.061066781026535046,0.04528619362457984,-0.008387996618702997,0.006304581522976068,0.0013105236904416284,0.0011975867210217983,-0.0027149178063229293,0.0012374002342700613,-0.002170232789749142,-0.07162501043498719,0.0022557539255854647,-0.033036069635719235,-0.09019919702296404,0.08731475059678463,-0.08582120337410416,0.031210945630797494,,,,,,,,,,,0.137378969569545,60.21774629687369,
condition,HighLife,64.0,0.2,target_delta_block_var,-0.003842523530510267,0.004369578082545068,-0.0018487423511057254,0.003980625526840043,0.04652859757627292,0.032654760855846406,0.006803786128026235,0.027735425969838197,0.048568721116187666,0.030873713678872663,-0.005710375534453282,0.004845411022993194,-0.006423182050083675,0.0105021934480684,0.0019937811794045416,0.05037112110678319,0.010646309658536501,0.052411244646697934,-0.0018678520039430153,-0.0025806585195734086,-0.10493902907672503,-0.03396475368265276,-0.18640382529016555,-0.014206991163082636,-0.09975746743343458,0.029228988450375446,,,,,,,,,,,0.137378969569545,60.21774629687369,
condition,HighLife,64.0,0.2,target_delta_block_entropy,-0.009998291916370316,0.008634598104678759,-0.008041901821111752,0.006360208329933754,0.11107818366769869,0.045585096776756484,0.2046751761981609,0.05790629806849224,0.20855072942999545,0.05193478929143599,-0.009783161881828883,0.007331492557540891,-0.0021035758082840195,0.00559037936188913,0.0019563900952585637,0.121076475584069,0.2146734681145312,0.21854902134636575,0.0002151300345414331,0.007894716108086296,0.015254417333150763,-0.03824840117987578,-0.05996646774598474,0.096845029397541,-0.0949281356591777,0.01924904407592388,,,,,,,,,,,0.137378969569545,60.21774629687369,
condition,HighLife,64.0,0.2,target_future_density,-0.0062685775598249945,0.009472114610432006,-0.003948683306114575,0.0072364193666419295,-0.00541900823311865,0.008706202306065308,-0.007835725171897078,0.009358637854148366,-0.008518942194221469,0.011834286668827633,-0.007315074332424953,0.011090304199002799,-0.0008934150009942465,0.0017613280937146428,0.0023198942537104193,0.0008495693267063448,-0.0015671476120720836,-0.002250364634396474,-0.001046496772599959,0.005375162558830748,0.002338311650985339,-0.034245147777770206,-0.08467874095846635,0.09842274518545718,-0.09270970574608911,0.02500632192763185,,,,,,,,,,,0.137378969569545,60.21774629687369,
condition,HighLife,64.0,0.2,target_future_live_count,-0.0062685775598249945,0.009472114610432006,-0.003948683306114575,0.0072364193666419295,-0.00541900823311865,0.008706202306065308,-0.007835725171897078,0.009358637854148366,-0.008518942194221469,0.011834286668827633,-0.007315074332424953,0.011090304199002799,-0.007694584574684127,0.009423523896625088,0.0023198942537104193,0.0008495693267063448,-0.0015671476120720836,-0.002250364634396474,-0.001046496772599959,-0.0014260070148591321,0.002338311650985339,-0.034245147777770206,-0.09053396902067691,0.0879957905973546,-0.10022330686902661,0.02803140860802537,,,,,,,,,,,0.137378969569545,60.21774629687369,
condition,HighLife,64.0,0.25,target_fine_net,-0.005197251054456453,0.006478457708554811,0.12697975590745975,0.04967183879617515,0.0032556287379591486,0.018758371666738268,-0.007460675020019347,0.015151811658752144,0.24037331681598711,0.056353538894426826,-0.0054753986722443585,0.006224075163400491,-0.008080043102404844,0.0038848232329937774,0.1321770069619162,0.008452879792415602,-0.002263423965562894,0.24557056787044357,-0.0002781476177879053,-0.0028827920479483904,0.0065611631731756085,-0.019676090583953143,-0.07719249828675019,0.08625516991451534,-0.07842771381249354,0.04441033615557752,,,,,,,,,,,0.13062917237331106,85.39473309373214,
condition,HighLife,64.0,0.25,target_delta_components,-0.005197251054456453,0.006478457708554811,0.12697975590745975,0.04967183879617515,0.0032556287379591486,0.018758371666738268,-0.007460675020019347,0.015151811658752144,0.24037331681598711,0.056353538894426826,-0.0054753986722443585,0.006224075163400491,-0.006062214152878553,0.006604098875843719,0.1321770069619162,0.008452879792415602,-0.002263423965562894,0.24557056787044357,-0.0002781476177879053,-0.0008649630984221002,0.0065611631731756085,-0.019676090583953143,-0.08124268103041447,0.09370187286055197,-0.07601546256821508,0.04159696654257164,,,,,,,,,,,0.13062917237331106,85.39473309373214,
condition,HighLife,64.0,0.25,target_delta_density,0.07501384999603508,0.03059087838529099,0.07603612939645507,0.03189924681545991,0.07354803600519041,0.028076156161121132,0.07230253527769133,0.029279467419076475,0.07509536128886134,0.03101502116836397,0.07347306590797868,0.02974823612155399,-0.009242184296535005,0.009268200611572868,0.0010222794004199898,-0.0014658139908446666,-0.002711314718343752,8.151129282625569e-05,-0.0015407840880563989,-0.08425603429257009,0.051378403846849,-0.018846111362495827,-0.04527154093783428,0.14343787729786434,-0.07855969573378781,0.04814162716622304,,,,,,,,,,,0.13062917237331106,85.39473309373214,
condition,HighLife,64.0,0.25,target_delta_block_var,-0.010244668873685026,0.008859383973272933,-0.01109072141916112,0.010263217355728835,0.03342085381227531,0.053487825388718276,0.02946260790639179,0.048968025950427624,0.030218796259097225,0.053081778449076834,-0.010378803038209927,0.006550327631666971,-0.002794098094537967,0.003848426559821186,-0.0008460525454760948,0.043665522685960335,0.039707276780076815,0.04046346513278225,-0.00013413416452490168,0.007450570779147059,0.005971972481273123,-0.04618852300688636,-0.08839120013115916,0.09081350237373739,-0.10565459212508932,0.010195524715253982,,,,,,,,,,,0.13062917237331106,85.39473309373214,
condition,HighLife,64.0,0.25,target_delta_block_entropy,-0.006897039741705013,0.005376079065721364,-0.008667839629620455,0.0073277687059715236,0.19196887742640614,0.0639697715984389,0.33795496722163143,0.08014687903200758,0.3372447090220265,0.08032102336775007,-0.007243123813728225,0.005557745562743483,-0.0037872953599320082,0.002668501583847597,-0.0017707998879154417,0.19886591716811117,0.34485200696333645,0.34414174876373155,-0.000346084072023212,0.003109744381773005,0.04651734178144788,-0.028860080211912508,-0.034786881740617656,0.12668689038054315,-0.08972499562704091,0.026214088426856647,,,,,,,,,,,0.13062917237331106,85.39473309373214,
condition,HighLife,64.0,0.25,target_future_density,-0.0025624266190659383,0.0035894016623435024,-0.0010145920304607924,0.0027960469055846216,-0.0033927707533478067,0.004989705190202475,-0.0038345146260591713,0.003524563305718344,-0.0018040049304536066,0.005729896771576178,-0.0032502692462389017,0.0037414252508792952,-0.00993308085228708,0.009591096695202394,0.0015478345886051458,-0.0008303441342818684,-0.001272088006993233,0.0007584216886123317,-0.0006878426271729634,-0.007370654233221141,0.05349251478405041,-0.019621588356174613,-0.03657123691342021,0.14760066632585936,-0.08304867444904201,0.04050581250120129,,,,,,,,,,,0.13062917237331106,85.39473309373214,
condition,HighLife,64.0,0.25,target_future_live_count,-0.0025624266190659383,0.0035894016623435024,-0.0010145920304607924,0.0027960469055846216,-0.0033927707533478067,0.004989705190202475,-0.0038345146260591713,0.003524563305718344,-0.0018040049304536066,0.005729896771576178,-0.0032502692462389017,0.0037414252508792952,-0.015355812115239908,0.013712021478989622,0.0015478345886051458,-0.0008303441342818684,-0.001272088006993233,0.0007584216886123317,-0.0006878426271729634,-0.012793385496173969,0.05349251478405041,-0.019621588356174613,-0.04066448896888328,0.15446163028323734,-0.08991680013414544,0.04435808558941952,,,,,,,,,,,0.13062917237331106,85.39473309373214,
condition,HighLife,64.0,0.3,target_fine_net,0.0014289152028381436,0.0070294398860353945,0.23579721658157263,0.06526175821694435,0.016733242936434523,0.013982256291800815,0.011564063305182315,0.019639234240157337,0.33945596568028014,0.05579202227917947,0.0007986210551492289,0.005713602460001676,-0.0025333086650407566,0.004448350918008664,0.2343683013787345,0.01530432773359638,0.010135148102344171,0.33802705047744197,-0.0006302941476889147,-0.0039622238678789,-0.11420656718541133,-0.023049579469473856,-0.19114129943707334,-0.0407460003082457,-0.08998989026056901,0.039503002784938505,,,,,,,,,,,0.23310635495778126,185.719545432171,
condition,HighLife,64.0,0.3,target_delta_components,0.0014289152028381436,0.0070294398860353945,0.23579721658157263,0.06526175821694435,0.016733242936434523,0.013982256291800815,0.011564063305182315,0.019639234240157337,0.33945596568028014,0.05579202227917947,0.0007986210551492289,0.005713602460001676,-0.0024467007651314487,0.005122848534973579,0.2343683013787345,0.01530432773359638,0.010135148102344171,0.33802705047744197,-0.0006302941476889147,-0.0038756159679695923,-0.11420656718541133,-0.023049579469473856,-0.19163733794728058,-0.0296110719512102,-0.08698717874416226,0.03794588944736472,,,,,,,,,,,0.23310635495778126,185.719545432171,
condition,HighLife,64.0,0.3,target_delta_density,0.07895439099658041,0.01555715530751993,0.07886424078522103,0.01289572355839284,0.07907039869758944,0.014674445415011821,0.07864416167189972,0.013782310469391537,0.08047831029082586,0.010069688358913758,0.07794235034290124,0.01581664288756983,-0.004710307074397324,0.004802856520491359,-9.01502113593855e-05,0.0001160077010090299,-0.0003102293246806942,0.001523919294245446,-0.001012040653679172,-0.08366469807097773,0.0013161407205864821,-0.03305551804247673,-0.09243738993021573,0.10777597146932014,-0.09321928722894005,0.020293229699966987,,,,,,,,,,,0.23310635495778126,185.719545432171,
condition,HighLife,64.0,0.3,target_delta_block_var,-0.0019023661844758343,0.006705027189489952,-0.00171258058744983,0.00612033598766437,0.07686874655132674,0.022916314764969657,0.042183324941531784,0.028115357713296055,0.07453297432614545,0.020118751879852247,0.001995105566331401,0.003808704594822341,-0.004418734892022958,0.0035721750873537825,0.0001897855970260042,0.07877111273580258,0.04408569112600762,0.07643534051062129,0.0038974717508072354,-0.0025163687075471235,-0.041586353672180026,-0.07701109337233146,-0.13387134343810525,0.04821669658596135,-0.14495309371593573,-0.016378610367592077,,,,,,,,,,,0.23310635495778126,185.719545432171,
condition,HighLife,64.0,0.3,target_delta_block_entropy,-0.000821510118153479,0.0031311539171025348,-0.0013684268328518101,0.0031875138484883836,0.18370264349266344,0.03061602347328095,0.30871788905259395,0.020662084527384206,0.3108713202297535,0.022480265775362884,-0.00034039665469927095,0.003289244959349392,0.0010531020564221282,0.003786758436281822,-0.0005469167146983312,0.18452415361081692,0.3095393991707474,0.31169283034790696,0.00048111346345420803,0.0018746121745756073,-0.005066020656341076,-0.03965431609092534,-0.08124004770785673,0.0737562559239376,-0.1002623955586174,0.020429460199518055,,,,,,,,,,,0.23310635495778126,185.719545432171,
condition,HighLife,64.0,0.3,target_future_density,-0.0026231520171307032,0.0093465058573419,-0.0013612055961774727,0.010693950951912851,-0.0021629630122281807,0.008502250142334734,-0.0013075686250382467,0.007570924694504385,-4.095918851998448e-05,0.009464378886155962,-0.0017727771793167647,0.006478241258140571,0.0006456254204459721,0.003978183418374998,0.0012619464209532305,0.00046018900490252257,0.0013155833920924565,0.0025821928286107187,0.0008503748378139385,0.0032687774375766755,0.0013736168074079866,-0.034499058079815445,-0.08576177947778664,0.10130054383619277,-0.10027806406601052,0.02831603564717684,,,,,,,,,,,0.23310635495778126,185.719545432171,
condition,HighLife,64.0,0.3,target_future_live_count,-0.0026231520171307032,0.0093465058573419,-0.0013612055961774727,0.010693950951912851,-0.0021629630122281807,0.008502250142334734,-0.0013075686250382467,0.007570924694504385,-4.095918851998448e-05,0.009464378886155962,-0.0017727771793167647,0.006478241258140571,-0.01252985741593995,0.005534728368044654,0.0012619464209532305,0.00046018900490252257,0.0013155833920924565,0.0025821928286107187,0.0008503748378139385,-0.009906705398809246,0.0013736168074079866,-0.034499058079815445,-0.11164613389747696,0.10412672780071833,-0.09928717090797318,0.02702773233036068,,,,,,,,,,,0.23310635495778126,185.719545432171,
condition,HighLife,64.0,0.35,target_fine_net,0.05674111516476843,0.03726410435249956,0.23399921773317162,0.020712783018364777,0.07720263573701418,0.035568986768309815,0.07371941626629215,0.03557593173086793,0.3358664609814456,0.048547262522573575,0.055805212910383206,0.03768642404302715,-0.005395617000266917,0.0021032810601448195,0.1772581025684032,0.020461520572245748,0.01697830110152372,0.2791253458166772,-0.0009359022543852236,-0.06213673216503535,-0.1106705864831271,0.029047679923600057,-0.1755709611862798,-0.03766702725984522,-0.030365826560385605,0.08462568117123956,,,,,,,,,,,0.16953161641856315,22.941616174443897,
condition,HighLife,64.0,0.35,target_delta_components,0.05674111516476843,0.03726410435249956,0.23399921773317162,0.020712783018364777,0.07720263573701418,0.035568986768309815,0.07371941626629215,0.03557593173086793,0.3358664609814456,0.048547262522573575,0.055805212910383206,0.03768642404302715,-0.010467935563898578,0.008201997568534826,0.1772581025684032,0.020461520572245748,0.01697830110152372,0.2791253458166772,-0.0009359022543852236,-0.06720905072866701,-0.1106705864831271,0.029047679923600057,-0.18607497142536356,-0.0312801206105582,-0.03409870111626588,0.08704389294529999,,,,,,,,,,,0.16953161641856315,22.941616174443897,
condition,HighLife,64.0,0.35,target_delta_density,0.1311634420051132,0.06570839750137397,0.13014831069283778,0.06342704798457766,0.13011745172281158,0.06644365912434613,0.1308126995006146,0.06418879350690891,0.12964558643175175,0.05637692540641693,0.13035713416911784,0.06424490708185986,-0.004421781856389728,0.009839366402467494,-0.0010151313122754302,-0.0010459902823016232,-0.0003507425044985968,-0.001517855573361454,-0.0008063078359953624,-0.13558522386150293,0.07517737666827687,0.017136080208184377,-0.009145112687653797,0.15580164371714067,-0.036916280110784974,0.07699326270800733,,,,,,,,,,,0.16953161641856315,22.941616174443897,
condition,HighLife,64.0,0.35,target_delta_block_var,-0.006856908815759422,0.010869245440406846,-0.002973052197882753,0.020491580850420427,0.08373178360296578,0.045105931450537165,0.05956772052124533,0.03419912450271587,0.07597474171030552,0.05166261439513985,-0.0070508659144153055,0.010101865055911968,-0.009748018986180584,0.0036965898028920607,0.003883856617876669,0.0905886924187252,0.06642462933700476,0.08283165052606495,-0.00019395709865588362,-0.002891110170421162,0.09954865444726285,-0.025600041619144767,0.022838575706212335,0.1827410359852874,-0.0829793313379824,0.03411329597599074,,,,,,,,,,,0.16953161641856315,22.941616174443897,
condition,HighLife,64.0,0.35,target_delta_block_entropy,-0.004666772841350286,0.009666134907462622,0.003059713308489753,0.014462549499794137,0.1463153921537584,0.024258626405170663,0.2518476773438897,0.029476603908003635,0.2470252674745888,0.03038232855157841,-0.004587081098400803,0.0061663182519065465,-0.003427547639369588,0.007451791061221556,0.007726486149840039,0.1509821649951087,0.25651445018524,0.2516920403159391,7.969174294948297e-05,0.0012392252019806978,0.07971186359113658,0.01439093141980264,-0.0008130339783493509,0.15390045350546738,-0.044476608356802165,0.07357203599934763,,,,,,,,,,,0.16953161641856315,22.941616174443897,
condition,HighLife,64.0,0.35,target_future_density,-0.006710325853997889,0.006792533641810939,-0.006427928417594986,0.006783153447539234,-0.006822273389993727,0.009918389517936561,-0.006306090226831995,0.006614874413614522,-0.008366673954155624,0.010577241944052003,-0.006790505798767432,0.005862614339996253,-0.004770400544393994,0.0025812337696242073,0.0002823974364029036,-0.00011194753599583739,0.00040423562716589406,-0.0016563481001577347,-8.017994476954265e-05,0.0019399253096038958,0.08115285242890842,0.018498141993980297,-0.005791386273099979,0.17059325497662578,-0.046879855566086634,0.0747023889112604,,,,,,,,,,,0.16953161641856315,22.941616174443897,
condition,HighLife,64.0,0.35,target_future_live_count,-0.006710325853997889,0.006792533641810939,-0.006427928417594986,0.006783153447539234,-0.006822273389993727,0.009918389517936561,-0.006306090226831995,0.006614874413614522,-0.008366673954155624,0.010577241944052003,-0.006790505798767432,0.005862614339996253,-0.0021561796523225985,0.0031519267033632884,0.0002823974364029036,-0.00011194753599583739,0.00040423562716589406,-0.0016563481001577347,-8.017994476954265e-05,0.004554146201675291,0.08115285242890842,0.018498141993980297,-0.009931850274372982,0.15878396162448943,-0.04535902052141787,0.08267859878351742,,,,,,,,,,,0.16953161641856315,22.941616174443897,
condition,HighLife,128.0,0.2,target_fine_net,0.025918494385923085,0.018207378865498718,0.154806216078275,0.057992063267066137,0.024109279817389574,0.015658397010368294,0.024821659802805353,0.0158316346456886,0.21765633884328653,0.05864828507589069,0.030887233024451222,0.024475962088345477,-0.003865011033247212,0.0032038379041173333,0.1288877216923519,-0.001809214568533512,-0.0010968345831177326,0.19173784445736344,0.004968738638528137,-0.029783505419170297,-0.1072170918326295,-0.07803568764744392,-0.18315045244834155,-0.017007812296738783,-0.1385384464214908,-0.020524656578025734,,,,,,,,,,,0.12918561903236764,-432.6596348432697,
condition,HighLife,128.0,0.2,target_delta_components,0.025918494385923085,0.018207378865498718,0.154806216078275,0.057992063267066137,0.024109279817389574,0.015658397010368294,0.024821659802805353,0.0158316346456886,0.21765633884328653,0.05864828507589069,0.030887233024451222,0.024475962088345477,-0.005318241787548894,0.00689598397492276,0.1288877216923519,-0.001809214568533512,-0.0010968345831177326,0.19173784445736344,0.004968738638528137,-0.03123673617347198,-0.1072170918326295,-0.07803568764744392,-0.18836590177488713,-0.026786438842343916,-0.13062847340863143,-0.018912572923109536,,,,,,,,,,,0.12918561903236764,-432.6596348432697,
condition,HighLife,128.0,0.2,target_delta_density,0.06977014271536623,0.06823136377609101,0.06772586838350048,0.06805342248880417,0.06674119463630249,0.07144929619107826,0.06976527961481645,0.06616250362787884,0.0652521669759107,0.07498099634615477,0.07191546606099342,0.07223139435192119,-0.012842288931598334,0.01169367956128406,-0.002044274331865756,-0.003028948079063745,-4.86310054978456e-06,-0.004517975739455532,0.002145323345627184,-0.08261243164696457,-0.07441009205169732,-0.06380700741544103,-0.1670932499429474,0.014107536605724317,-0.11997677113031925,-0.0035850953685699766,,,,,,,,,,,0.12918561903236764,-432.6596348432697,
condition,HighLife,128.0,0.2,target_delta_block_var,-0.0028295625906783473,0.011676789195606666,-0.0031274599306940765,0.009738810757346868,0.0354604522093749,0.03608715831776081,0.01254896307917861,0.022014854582397575,0.031058967964706197,0.03528660906481384,-0.0007469054303580914,0.01837528620885964,-0.0034671889773844724,0.0023255275148028683,-0.0002978973400157292,0.03829001480005325,0.015378525669856957,0.033888530555384544,0.002082657160320256,-0.0006376263867061251,-0.020647138670133663,-0.07580182497481246,-0.11068477761276092,0.0693356133097766,-0.14147563541927158,-0.014459052279623906,,,,,,,,,,,0.12918561903236764,-432.6596348432697,
condition,HighLife,128.0,0.2,target_delta_block_entropy,-0.006122107790460118,0.0018113745653030382,-0.006554876877453752,0.002167199390856131,0.12428852474509038,0.040525392448948684,0.2383630552504575,0.07521622671736886,0.23516409134202215,0.07601563217767665,-0.006042890428601355,0.002653765436541342,-0.008019127126682046,0.013079473718115058,-0.00043276908699363403,0.1304106325355505,0.24448516304091764,0.24128619913248228,7.921736185876292e-05,-0.0018970193362219277,-0.04691981892526929,-0.030980519442882763,-0.12730207515697253,0.03356812889505155,-0.09458679824801552,0.04131303340421015,,,,,,,,,,,0.12918561903236764,-432.6596348432697,
condition,HighLife,128.0,0.2,target_future_density,-0.00763625477994827,0.006197811471499737,-0.008242486939961324,0.005884326452821639,-0.009049120860176752,0.008600288409804906,-0.007677407961468097,0.005824782224304744,-0.009760931195771594,0.007874156590174661,-0.00561869338421257,0.007054818647547707,-0.004303484808381075,0.005762372106254335,-0.000606232160013054,-0.0014128660802284814,-4.115318151982645e-05,-0.0021246764158233235,0.0020175613957357005,0.003332769971567195,-0.07754289128264368,-0.06649339763817029,-0.16170692497565695,0.008747309344185302,-0.12081048776723516,-0.003940159357838529,,,,,,,,,,,0.12918561903236764,-432.6596348432697,
condition,HighLife,128.0,0.2,target_future_live_count,-0.00763625477994827,0.006197811471499737,-0.008242486939961324,0.005884326452821639,-0.009049120860176752,0.008600288409804906,-0.007677407961468097,0.005824782224304744,-0.009760931195771594,0.007874156590174661,-0.00561869338421257,0.007054818647547707,-0.006412260229264976,0.007826329487511217,-0.000606232160013054,-0.0014128660802284814,-4.115318151982645e-05,-0.0021246764158233235,0.0020175613957357005,0.001223994550683294,-0.07754289128264368,-0.06649339763817029,-0.1777973874115818,0.015349016506144963,-0.12923854497117107,-0.008370187247053311,,,,,,,,,,,0.12918561903236764,-432.6596348432697,
condition,HighLife,128.0,0.25,target_fine_net,-0.003979824545396226,0.0016419009561717821,0.15301083295935886,0.05055362295964861,0.0009876635518922816,0.014376677904635385,-0.0022899964274230244,0.013879417184866209,0.25322090747131065,0.05689140798246204,-0.0053693179034991715,0.0018230567819715602,-0.010443843393238783,0.006003728931873955,0.15699065750475508,0.004967488097288508,0.001689828117973202,0.2572007320167069,-0.0013894933581029452,-0.006464018847842557,-0.04944108119608625,-0.003978778211748263,-0.12220959049528048,0.027221582352452773,-0.0692465068648093,0.058648656174105876,,,,,,,,,,,0.15668126321143383,507.41126608462486,
condition,HighLife,128.0,0.25,target_delta_components,-0.003979824545396226,0.0016419009561717821,0.15301083295935886,0.05055362295964861,0.0009876635518922816,0.014376677904635385,-0.0022899964274230244,0.013879417184866209,0.25322090747131065,0.05689140798246204,-0.0053693179034991715,0.0018230567819715602,-0.015102949764419194,0.013626267781969396,0.15699065750475508,0.004967488097288508,0.001689828117973202,0.2572007320167069,-0.0013894933581029452,-0.011123125219022967,-0.04944108119608625,-0.003978778211748263,-0.1347403615381168,0.03503851075549573,-0.07460578262243923,0.05715500087462885,,,,,,,,,,,0.15668126321143383,507.41126608462486,
condition,HighLife,128.0,0.25,target_delta_density,0.09127277433618157,0.03898512423679577,0.08988756348560771,0.03734176313713958,0.08933041115436584,0.03494582670854569,0.089571282304625,0.03510624885932217,0.0873818904543158,0.03231593447186573,0.08995378557402825,0.03678979891774874,-0.014562777090860513,0.017523398577085084,-0.0013852108505738592,-0.0019423631818157316,-0.0017014920315565757,-0.0038908838818657726,-0.0013189887621533197,-0.10583555142704208,-0.012009416965729484,-0.011786843039425152,-0.10813896726404326,0.06941329287485178,-0.07760457757425449,0.049960895079362175,,,,,,,,,,,0.15668126321143383,507.41126608462486,
condition,HighLife,128.0,0.25,target_delta_block_var,-0.004263448496838951,0.005643283176588455,-0.005632716836725482,0.0050271508043980735,0.05980339150376683,0.040822819350345756,0.03595219538755927,0.03225185116757984,0.0551574959718701,0.03415752691259066,-0.0047607881685974626,0.005155309458998684,-0.004848258522256543,0.004562916954483519,-0.0013692683398865311,0.06406684000060578,0.04021564388439822,0.05942094446870905,-0.000497339671758512,-0.0005848100254175924,-0.031622859799767866,-0.0186340937885893,-0.12196671317926237,0.05533237749605527,-0.07971721119631393,0.04663742271874608,,,,,,,,,,,0.15668126321143383,507.41126608462486,
condition,HighLife,128.0,0.25,target_delta_block_entropy,-0.0048234308097721,0.003477374904457319,-0.0045140365164508586,0.004696531863747255,0.2575152878504802,0.07297622912963926,0.35560495471971726,0.07454983335260629,0.3522963342292484,0.07276808023122129,-0.005108298506043418,0.0034275124811785538,-0.012307005794973302,0.010800421390479585,0.0003093942933212416,0.2623387186602523,0.36042838552948936,0.3571197650390205,-0.0002848676962713178,-0.007483574985201202,-0.012639646686657404,-0.0042356121529133935,-0.08728472317866834,0.06558431844568313,-0.06853306502163789,0.05188061327495055,,,,,,,,,,,0.15668126321143383,507.41126608462486,
condition,HighLife,128.0,0.25,target_future_density,-0.004103608698617922,0.0024307977574523536,-0.005091507553012198,0.002093526084449615,-0.007401965120743537,0.009171764583341927,-0.006127691234030497,0.00567124897435196,-0.007278317387151301,0.006131308637908578,-0.004901290949419224,0.0029015455914466045,-0.0009347312413521935,0.01285792091454802,-0.0009878988543942759,-0.0032983564221256145,-0.0020240825354125745,-0.003174708688533379,-0.0007976822508013017,0.0031688774572657284,-0.012644792507746277,-0.012410442986550935,-0.10742037333270407,0.07402977126024476,-0.07572589412363817,0.04570592732515866,,,,,,,,,,,0.15668126321143383,507.41126608462486,
condition,HighLife,128.0,0.25,target_future_live_count,-0.004103608698617922,0.0024307977574523536,-0.005091507553012198,0.002093526084449615,-0.007401965120743537,0.009171764583341927,-0.006127691234030497,0.00567124897435196,-0.007278317387151301,0.006131308637908578,-0.004901290949419224,0.0029015455914466045,-0.00333386278588077,0.002805403379018764,-0.0009878988543942759,-0.0032983564221256145,-0.0020240825354125745,-0.003174708688533379,-0.0007976822508013017,0.000769745912737152,-0.012644792507746277,-0.012410442986550935,-0.09921313706559078,0.07799849848276118,-0.08035328874061104,0.05460438612080414,,,,,,,,,,,0.15668126321143383,507.41126608462486,
condition,HighLife,128.0,0.3,target_fine_net,0.011059193626515506,0.013318761245953381,0.17424209231476115,0.036800370872518764,0.020411514913814478,0.015420703659387015,0.019488378754097813,0.016910322958843274,0.26501135608308746,0.01654329460993186,0.008772103416339294,0.013034067014587565,-0.006950702770765238,0.002843032256752424,0.16318289868824565,0.009352321287298971,0.008429185127582306,0.25395216245657193,-0.002287090210176212,-0.018009896397280744,-0.060722218322197576,0.022787362640366713,-0.14265795523234565,0.02319259699129905,-0.03714681624047664,0.09177370279849703,,,,,,,,,,,0.15342801176674598,16.72832122741179,
condition,HighLife,128.0,0.3,target_delta_components,0.011059193626515506,0.013318761245953381,0.17424209231476115,0.036800370872518764,0.020411514913814478,0.015420703659387015,0.019488378754097813,0.016910322958843274,0.26501135608308746,0.01654329460993186,0.008772103416339294,0.013034067014587565,-0.0070725981496087,0.005932627954102407,0.16318289868824565,0.009352321287298971,0.008429185127582306,0.25395216245657193,-0.002287090210176212,-0.018131791776124208,-0.060722218322197576,0.022787362640366713,-0.14315683435470383,0.017672499253932633,-0.029200576841370347,0.09017672935281584,,,,,,,,,,,0.15342801176674598,16.72832122741179,
condition,HighLife,128.0,0.3,target_delta_density,0.12125760543904882,0.06570385549246645,0.12640534854264945,0.06828076127960181,0.11963713781157304,0.06465092810255965,0.1198660648717234,0.06553883901994163,0.1245723730120422,0.06509634810494501,0.11882651304026164,0.06832996276455029,-0.006105657575399981,0.008980506902568738,0.005147743103600638,-0.00162046762747578,-0.0013915405673254194,0.003314767572993385,-0.0024310923987871796,-0.1273632630144488,0.008315164056690461,0.006459949555704537,-0.07744614870732655,0.09712443656398208,-0.05684845762104003,0.06422825138515256,,,,,,,,,,,0.15342801176674598,16.72832122741179,
condition,HighLife,128.0,0.3,target_delta_block_var,-0.0017752936067636283,0.0033517628590964323,-0.0018104812753583887,0.0028428366736624887,0.07244877472938091,0.03151649694255758,0.05756270867894362,0.028408978265924475,0.07401263594088152,0.03029886250040033,-0.003811019772653257,0.004953796086261762,-0.006388128248761582,0.009236757540116578,-3.5187668594760394e-05,0.07422406833614453,0.05933800228570725,0.07578792954764514,-0.0020357261658896287,-0.0046128346419979545,-0.05695613602002965,0.0032707336961630192,-0.1411587882425616,0.035433321356768716,-0.05992820517909703,0.06710056789220817,,,,,,,,,,,0.15342801176674598,16.72832122741179,
condition,HighLife,128.0,0.3,target_delta_block_entropy,0.010025852299327353,0.017054265416607935,0.019780739220827015,0.01941364368974024,0.19695467770597605,0.06890293078825545,0.33216605354500783,0.06480962364695282,0.3327676096953486,0.06348720916985993,0.0059789725669328496,0.014992044439409087,-0.005527359999973136,0.00945674154916097,0.009754886921499662,0.1869288254066487,0.3221402012456805,0.32274175739602123,-0.004046879732394503,-0.01555321229930049,-0.005232367631515419,0.01032292825847247,-0.07957868179739472,0.07678665142700866,-0.05011404562363717,0.0731884564149098,,,,,,,,,,,0.15342801176674598,16.72832122741179,
condition,HighLife,128.0,0.3,target_future_density,-0.0063304061323080415,0.007616956568459146,-0.0005230174544448296,0.012154132277138659,-0.006081564536595252,0.006855436443890049,-0.0064618453858167335,0.007164570465283749,-0.002815892823810162,0.013260568086075997,-0.007851706013494653,0.008159297085952453,-0.009103300291212113,0.005544274520614149,0.005807388677863212,0.0002488415957127895,-0.00013143925350869202,0.0035145133084978795,-0.0015212998811866118,-0.002772894158904072,0.008919049824355034,0.006929101044469468,-0.10133279175403098,0.11218599932352746,-0.05245324833002744,0.06785629543074534,,,,,,,,,,,0.15342801176674598,16.72832122741179,
condition,HighLife,128.0,0.3,target_future_live_count,-0.0063304061323080415,0.007616956568459146,-0.0005230174544448296,0.012154132277138659,-0.006081564536595252,0.006855436443890049,-0.0064618453858167335,0.007164570465283749,-0.002815892823810162,0.013260568086075997,-0.007851706013494653,0.008159297085952453,-0.0065653793353535935,0.0064506104802589444,0.005807388677863212,0.0002488415957127895,-0.00013143925350869202,0.0035145133084978795,-0.0015212998811866118,-0.00023497320304555203,0.008919049824355034,0.006929101044469468,-0.09077029645748598,0.1143540917652469,-0.06200145889040468,0.06793316464061458,,,,,,,,,,,0.15342801176674598,16.72832122741179,
condition,HighLife,128.0,0.35,target_fine_net,0.024062531931515287,0.043970273185839466,0.23914074302176727,0.02770032357838628,0.03614338731080222,0.04862748707275911,0.029030737529549745,0.04153393989130864,0.3141115433209187,0.050991731086791746,0.02360899027781842,0.04356004807620109,-0.015605812066893154,0.027088339491488325,0.215078211090252,0.012080855379286937,0.004968205598034459,0.29004901138940337,-0.00045354165369686575,-0.03966834399840844,-0.18309175146447584,0.0034045176105799413,-0.25755712616844245,-0.10148481866900212,-0.05324044895165179,0.06420390530664379,,,,,,,,,,,0.21363961257578784,149.50527156987414,
condition,HighLife,128.0,0.35,target_delta_components,0.024062531931515287,0.043970273185839466,0.23914074302176727,0.02770032357838628,0.03614338731080222,0.04862748707275911,0.029030737529549745,0.04153393989130864,0.3141115433209187,0.050991731086791746,0.02360899027781842,0.04356004807620109,-0.012681021892967558,0.016249413335047994,0.215078211090252,0.012080855379286937,0.004968205598034459,0.29004901138940337,-0.00045354165369686575,-0.03674355382448284,-0.18309175146447584,0.0034045176105799413,-0.25042917979670043,-0.11441597900512378,-0.05910206023927916,0.06981551656744459,,,,,,,,,,,0.21363961257578784,149.50527156987414,
condition,HighLife,128.0,0.35,target_delta_density,0.13282057435510358,0.040498320468054884,0.13213254122773843,0.0385836054282778,0.1326579942802491,0.03966152448737183,0.13200108407202754,0.0393130354881892,0.13086425081401137,0.040807457718245274,0.1327411478238721,0.04082983246354962,-0.0069653648063835675,0.007572174929111711,-0.0006880331273651508,-0.00016258007485447923,-0.0008194902830760409,-0.0019563235410922086,-7.942653123146903e-05,-0.13978593916148715,0.007449677485764964,-0.024697353773252932,-0.07306918327700539,0.08619143594092292,-0.07969860798936461,0.029485427740028974,,,,,,,,,,,0.21363961257578784,149.50527156987414,
condition,HighLife,128.0,0.35,target_delta_block_var,-0.007502417115690019,0.019660315401346024,-0.006063818601225868,0.015557216293195045,0.057220807382622675,0.03266826432021769,0.04337252496370998,0.02436556722573868,0.053894319784298775,0.028805796392387843,-0.005636882749265171,0.014947993929382652,-0.008869799975337368,0.009503923487437744,0.001438598514464151,0.06472322449831269,0.0508749420794,0.06139673689998879,0.0018655343664248482,-0.0013673828596473484,0.003930232476909339,-0.02685316540835796,-0.0847010061511952,0.08930538236272637,-0.08249368481045852,0.032153635264779976,,,,,,,,,,,0.21363961257578784,149.50527156987414,
condition,HighLife,128.0,0.35,target_delta_block_entropy,-0.011395073400016775,0.012305814507209802,-0.010902401817322271,0.010402794231332524,0.16367033066032652,0.04929170952469327,0.28992672554344906,0.02028082821147378,0.28758038675988196,0.017414425316880623,-0.011385514322122559,0.01063827036114575,-0.007615334790477624,0.005098117145237272,0.0004926715826945038,0.1750654040603433,0.30132179894346584,0.29897546015989873,9.55907789421638e-06,0.0037797386095391513,0.0070229889463454265,-0.030851899008707273,-0.07459383087270637,0.0781570975620277,-0.08265057307201584,0.02248953646219944,,,,,,,,,,,0.21363961257578784,149.50527156987414,
condition,HighLife,128.0,0.35,target_future_density,-0.01077376970027144,0.01447440850708917,-0.011070721232892166,0.015463733395040759,-0.010023321934267203,0.014416557145650011,-0.01064972472211143,0.014865779492135878,-0.010621994896699415,0.01555267450669899,-0.01060827608706747,0.014252920551959513,-0.006095452052612504,0.004688037912536314,-0.00029695153262072546,0.000750447766004237,0.00012404497816000983,0.00015177480357202525,0.00016549361320397117,0.0046783176476589364,0.008056510830052684,-0.026709142580744118,-0.07481092410351747,0.10065142907174529,-0.08963752584196767,0.036206672160667606,,,,,,,,,,,0.21363961257578784,149.50527156987414,
condition,HighLife,128.0,0.35,target_future_live_count,-0.01077376970027144,0.01447440850708917,-0.011070721232892166,0.015463733395040759,-0.010023321934267203,0.014416557145650011,-0.01064972472211143,0.014865779492135878,-0.010621994896699415,0.01555267450669899,-0.01060827608706747,0.014252920551959513,-0.003782359599778862,0.00512619664129971,-0.00029695153262072546,0.000750447766004237,0.00012404497816000983,0.00015177480357202525,0.00016549361320397117,0.006991410100492579,0.008056510830052684,-0.026709142580744118,-0.07703994230585884,0.09826682545693426,-0.08671748434606794,0.033266242043054825,,,,,,,,,,,0.21363961257578784,149.50527156987414,
rule_pooled,GoL,,,target_fine_net,0.9943410567111387,0.00020596781047719728,0.9955333260942666,6.57592078949574e-05,0.994366473384057,0.0002043524270165439,0.9943682840393171,0.0002037815502384794,0.9961478515613154,3.083961944624378e-05,0.9943395182409827,0.00020520788959063784,0.9943329963732573,0.00024492121707825803,0.0011922693831278863,2.5416672918332495e-05,2.7227328178391907e-05,0.0018067948501766518,-1.538470156048355e-06,-8.060337881365953e-06,-0.10539037674100821,-0.0023746290611730164,-0.13329905009974086,-0.07682541638324049,-0.024452898190650454,0.02040314249625379,0.0010778293469219686,0.0013210378512039903,1.4029007221941226e-05,3.848668139816436e-05,1.4883404791166122e-05,4.249696108429291e-05,0.0016606833632646395,0.001968777453503956,-5.384368287131291e-06,3.00870075935211e-06,0.0008984874453500102,4.0583343340018585,PASS
rule_pooled,GoL,,,target_delta_components,0.9943410567111387,0.00020596781047719728,0.9955333260942666,6.57592078949574e-05,0.994366473384057,0.0002043524270165439,0.9943682840393171,0.0002037815502384794,0.9961478515613154,3.083961944624378e-05,0.9943395182409827,0.00020520788959063784,0.9943334654868066,0.00034111518107883933,0.0011922693831278863,2.5416672918332495e-05,2.7227328178391907e-05,0.0018067948501766518,-1.538470156048355e-06,-7.591224332137436e-06,-0.10539037674100821,-0.0023746290611730164,-0.1313661452284436,-0.07972893008280812,-0.024202956721775255,0.025198439020123642,0.0010748451397451452,0.001333825385164211,1.2953192552131454e-05,4.0420430014831403e-05,1.4611845822801172e-05,4.183931724878742e-05,0.001665928073065287,0.001968089045907187,-5.324148359764358e-06,4.057193628362312e-06,0.0008984874453500102,4.0583343340018585,
rule_pooled,GoL,,,target_delta_density,0.9384971546971974,0.0037095260383687937,0.9384805600746736,0.003721411558279548,0.9384757504967833,0.003689332210677751,0.9384720634447887,0.003687298519965659,0.9384421411105883,0.003696166021070678,0.9384927771453866,0.003702959356880379,0.9291535287985286,0.0027908209837814676,-1.659462252379118e-05,-2.1404200414076868e-05,-2.5091252408682152e-05,-5.5013586609087284e-05,-4.377551810819114e-06,-0.009343625898668773,-0.020912210147222794,0.02483789156164748,-0.09952214956777157,0.051892447732300416,-0.028064548944788523,0.07681513994652925,-2.4664492262668758e-05,3.81198161582219e-05,-5.7294180585243384e-05,3.608505395689956e-05,-5.8690733205335464e-05,3.403252042778192e-05,-9.796678491804655e-05,4.507755449645878e-05,-2.3127190160837642e-05,2.8207333722121677e-05,0.0008984874453500102,4.0583343340018585,
rule_pooled,GoL,,,target_delta_block_var,0.039085977628807014,0.007561509291869081,0.039148708849814716,0.007762461107795407,0.11109998684261808,0.015554864862293996,0.08230070558839328,0.0074602207135048455,0.11079828986423138,0.01578438911965952,0.03906520148690731,0.007640909932049094,0.03971635819468846,0.008148023739191455,6.273122100770162e-05,0.07201400921381107,0.043214727959586266,0.07171231223542436,-2.077614189970739e-05,0.0006303805658814457,-0.08849263520475957,-0.07701823386590988,-0.3657716411637138,0.21047855713402802,-0.2906840865613226,0.1449592447823751,-0.00022628811940647708,0.00022256365790325922,0.05919169564902472,0.08463364181403787,0.033324015049780796,0.053557010954563396,0.05933862974286951,0.08433814633259384,-0.00012029351451578219,9.323521521269125e-05,0.0008984874453500102,4.0583343340018585,
rule_pooled,GoL,,,target_delta_block_entropy,0.17501214954398117,0.008429862274926274,0.17530593148175905,0.008337918170836959,0.3039765188845333,0.015580858676296909,0.39338519922340226,0.022275199402255034,0.3931503531232689,0.022296699773543854,0.1751077445563655,0.008511729171381925,0.1739118449797719,0.01816176246877618,0.0002937819377778761,0.12896436934055214,0.2183730496794211,0.21813820357928773,9.559501238431967e-05,-0.001100304564209259,-0.10534604666950675,0.06025845315226313,-0.34701390700421375,0.12302112584014778,-0.14001161653163752,0.2580200515570915,-7.701005118738724e-05,0.000984345663247908,0.11518292706978785,0.14361475801861182,0.20269927036726332,0.23430765383178392,0.20249052255797634,0.2343715062753556,-9.415404184472675e-05,0.00021273809091842393,0.0008984874453500102,4.0583343340018585,
rule_pooled,GoL,,,target_future_density,0.014238478367069906,0.004367395114351266,0.014046818432683007,0.0047515504306521366,0.013792223624076661,0.004317192868730346,0.013843369910099889,0.004142184122012444,0.013676678580986135,0.0044040419076280726,0.014220597822490721,0.0043766018527509635,0.01572867956130273,0.010454759279618218,-0.00019165993438689972,-0.00044625474299324515,-0.0003951084569700173,-0.000561799786083771,-1.7880544579185198e-05,0.0014902011942328226,-0.08375747633793396,0.09948059531314532,-0.3719036728788634,0.25990710430159036,-0.11897183199224912,0.2946499099982643,-2.973073998394043e-05,0.0002179903559116743,-0.0008830023905622444,0.00073347901666485,-0.0008163019546981632,0.0007325513729787288,-0.0011388565159083984,0.0009450650635144189,-5.617803971738338e-05,5.409983286755441e-05,0.0008984874453500102,4.0583343340018585,
rule_pooled,GoL,,,target_future_live_count,0.9632790115675783,0.0012182786600785655,0.9632719116663753,0.001222773692292032,0.9632751098397057,0.0012129932519434757,0.9632757137017339,0.0012173416315470768,0.9632680329521328,0.0012061731531572593,0.9632693598554324,0.0012255380328669602,0.9633618012714461,0.000665971502342926,-7.099901203067027e-06,-3.901727872679395e-06,-3.2978658444093867e-06,-1.09786154455227e-05,-9.651712145952729e-06,8.27897038677694e-05,-0.021303634372863773,0.010934168007827299,-0.10111478239551222,0.07287873923105485,-0.0541634523397314,0.0685850184366697,-3.190015757633114e-05,3.386992474644631e-05,-1.4248322451798633e-05,1.3989169985126324e-05,-1.792228167058485e-05,7.845106010687108e-06,-4.9999109163120783e-05,3.4550917679573844e-05,-4.068663068207967e-05,2.4043614672214478e-05,0.0008984874453500102,4.0583343340018585,
rule_pooled,HighLife,,,target_fine_net,0.9931465096276911,0.00022036943406661825,0.9944106039519596,0.00018921089656452554,0.993185627964747,0.0002558926661186232,0.9931789284642283,0.0002414585067463727,0.9950579655158291,0.00025416218112220854,0.9931457787668629,0.00021882668760951147,0.9931317021514208,0.00024762163734707275,0.0012640943242684388,3.911833705583234e-05,3.2418836537151385e-05,0.001911455888138014,-7.308608281908491e-07,-1.4807476270362052e-05,-0.10203540208558047,-0.010778220870403336,-0.13430202277162467,-0.06904433230788952,-0.036226391067917134,0.014933922400106481,0.001125694634156313,0.0014286914383796283,2.2338566139273874e-05,6.059221431852779e-05,1.8237105479157467e-05,4.973169254658682e-05,0.0017600362908850391,0.002083568820001336,-6.512237016456645e-06,7.4597607440191015e-06,0.0005407909277738154,1.7476657551020918,WEAK PASS
rule_pooled,HighLife,,,target_delta_components,0.9931465096276911,0.00022036943406661825,0.9944106039519596,0.00018921089656452554,0.993185627964747,0.0002558926661186232,0.9931789284642283,0.0002414585067463727,0.9950579655158291,0.00025416218112220854,0.9931457787668629,0.00021882668760951147,0.9931183511635042,0.0003249666936809558,0.0012640943242684388,3.911833705583234e-05,3.2418836537151385e-05,0.001911455888138014,-7.308608281908491e-07,-2.815846418691148e-05,-0.10203540208558047,-0.010778220870403336,-0.13473041672638503,-0.0679271512555515,-0.03378465536547462,0.014965342680405176,0.0011209875574795885,0.0013965246310004814,2.5465163473351037e-05,6.134725932429585e-05,1.8911969166049425e-05,5.219806406894789e-05,0.001728947317497756,0.0020837836359686415,-5.45734908871387e-06,5.5902794121459556e-06,0.0005407909277738154,1.7476657551020918,
rule_pooled,HighLife,,,target_delta_density,0.9119743003781453,0.004986168641634168,0.9119663650499771,0.004982601707435022,0.911947312917626,0.005037959318435711,0.9119495600009117,0.005012384644800711,0.9119115867077092,0.0050374043433199685,0.911988556882482,0.0050051132505847815,0.902411977197079,0.003863394202804082,-7.935328168229283e-06,-2.6987460519323214e-05,-2.4740377233656297e-05,-6.271367043608755e-05,1.4256504336729314e-05,-0.009562323181066312,0.01128920392008298,-0.05996026103599888,-0.07510917075732727,0.10715875041530291,-0.12422109415889593,2.935139328796838e-05,-3.898032717853661e-05,3.6175289247647405e-05,-9.341528124630627e-05,8.54064521332437e-05,-8.373578995099773e-05,5.9259455444371476e-05,-0.00013772937159934606,8.868363870336291e-05,-3.622478665503415e-05,9.271278592838104e-05,0.0005407909277738154,1.7476657551020918,
rule_pooled,HighLife,,,target_delta_block_var,0.019418918656245343,0.00831047414813905,0.01943665378623005,0.008003118410741658,0.08486392488281866,0.009721590160613962,0.05971598714803479,0.014168454355992354,0.08438768267099228,0.009909480834198583,0.019877978741732805,0.00823398663889391,0.021206957943159722,0.00518374960277453,1.7735129984708387e-05,0.06544500622657332,0.04029706849178945,0.06496876401474694,0.0004590600854874616,0.0017880392869143794,-0.18386842591615785,-0.35470115689795995,-0.47004331491590295,0.1127983697434958,-0.5502146256735772,-0.16537387449757238,-8.411802515172441e-05,0.00025974915751811713,0.053558032340671004,0.07667943106812135,0.030408460463956007,0.04936960924886297,0.05350007057121949,0.07661365168831592,-0.00040131937261467753,0.0022775173665658763,0.0005407909277738154,1.7476657551020918,
rule_pooled,HighLife,,,target_delta_block_entropy,0.1491351446360306,0.013114941638415067,0.1498584480325252,0.013233574719285553,0.289024912615966,0.00511088324431128,0.3934785962326587,0.008368589736112615,0.39332743464024456,0.00839856307413452,0.149070831414232,0.013128512366259015,0.14703118174354995,0.01886073195490238,0.0007233033964946234,0.13988976797993544,0.2443434515966281,0.24419229000421397,-6.431322179858978e-05,-0.002103962892480632,0.04192053002322223,-0.16724880889461646,-0.189483554098153,0.26787011527254934,-0.3702917725544587,0.014652235365966286,6.904584042159743e-06,0.0023412874384832584,0.1264431736700044,0.15549469849599082,0.22402487127256845,0.26244528484212865,0.223413119005563,0.26232747408858953,-0.00018833510641070512,0.00058614146337076,0.0005407909277738154,1.7476657551020918,
rule_pooled,HighLife,,,target_future_density,0.09876596127135524,0.011701453645014948,0.09887613400599762,0.011730751778040843,0.09854605839140884,0.011174086948284135,0.09858146405756474,0.011402889093867736,0.09849715512241201,0.011147837408787753,0.09899328673826542,0.011797196482814614,0.0985666047422249,0.008206037431040005,0.00011017273464238031,-0.00021990287994640145,-0.00018449721379050488,-0.0002688061489432292,0.00022732546691017763,-0.0001993565291303484,0.03614407785682406,-0.19197175979300124,-0.2584051172219727,0.3106839120161341,-0.40242073148015867,0.014326840123480447,-0.00010281238791795093,8.734479710617928e-05,-0.0008456479396400765,0.0008582470788273755,-0.0007765561715534213,0.0005632288139899726,-0.0011874413871533133,0.0007791268979306855,-5.0031735918049104e-05,0.0005862841018570943,0.0005407909277738154,1.7476657551020918,
rule_pooled,HighLife,,,target_future_live_count,0.9657101388026362,0.0018163877023760482,0.9656929529163918,0.0017814004972164907,0.9656995605166301,0.001829841843141271,0.9657042264198041,0.0018171072928794456,0.965687785623295,0.0017751353554235863,0.965725124008366,0.0018099254241170995,0.9656652634932783,0.0011058101542829467,-1.718588624444184e-05,-1.057828600614652e-05,-5.9123828320961636e-06,-2.2353179341183527e-05,1.4985205729733941e-05,-4.487530935792794e-05,-0.021407037382778247,-0.051725223583025635,-0.1071683755641899,0.06088158581766352,-0.10941766490204738,0.002202567686041091,-3.008904026161885e-05,3.805708559573294e-05,-1.3826715516382371e-05,1.2535386099349325e-05,-1.6598901296693836e-05,1.0501027683554313e-05,-4.069638957064081e-05,7.891046994250859e-05,-2.6111002786591285e-05,7.379464317155415e-05,0.0005407909277738154,1.7476657551020918,
global_pooled,ALL,,,target_fine_net,0.9937760500381694,0.00010203575793629464,0.9950040645498524,0.00012449488670587103,0.9938086959228336,9.923585869328307e-05,0.9938062494943519,0.00010302316045029085,0.9956358661799924,0.00013726861975765393,0.9937757215876089,0.00010276434952225099,0.9937702739999026,0.00018644088655043458,0.0012280145116829733,3.2645884664228575e-05,3.0199456182544715e-05,0.0018598161418230674,-3.284505605272159e-07,-5.776038266791517e-06,-0.10352826297772721,-0.0065591083323279864,-0.12528543995686625,-0.08323100725736757,-0.02475358208522077,0.009135053599433497,0.0011347102653832986,0.0013246167338609616,2.1649628164513436e-05,4.424521352288102e-05,2.0197743015798465e-05,4.1603849009680384e-05,0.0017444844787571883,0.0019747912692168108,-3.2370805371023655e-06,3.071562315817844e-06,0.0006298194165953452,2.0528628016254182,PASS
global_pooled,ALL,,,target_delta_components,0.9937760500381694,0.00010203575793629464,0.9950040645498524,0.00012449488670587103,0.9938086959228336,9.923585869328307e-05,0.9938062494943519,0.00010302316045029085,0.9956358661799924,0.00013726861975765393,0.9937757215876089,0.00010276434952225099,0.9937640580815582,0.000250085879286207,0.0012280145116829733,3.2645884664228575e-05,3.0199456182544715e-05,0.0018598161418230674,-3.284505605272159e-07,-1.1991956611168142e-05,-0.10352826297772721,-0.0065591083323279864,-0.12365050058413923,-0.08385305990028014,-0.02501738767551426,0.011409016863177303,0.0011366478867103347,0.001320745746940344,2.2582108972088455e-05,4.4606618616016546e-05,2.054222009757467e-05,4.224521637012646e-05,0.0017523340759717288,0.0019733831753253966,-3.123512334426981e-06,3.387036048041468e-06,0.0006298194165953452,2.0528628016254182,
global_pooled,ALL,,,target_delta_density,0.9277874871143178,0.0030700402953721673,0.9277786686625511,0.0030650464462053505,0.9277840066113396,0.0030773055591595353,0.927773962417793,0.003065149136916622,0.927761181947365,0.0030627850462886853,0.9277855272741575,0.003078231811109143,0.9185622911393494,0.0013891340409200462,-8.818451766701152e-06,-3.4805029781592722e-06,-1.3524696524824797e-05,-2.6305166952789172e-05,-1.9598401602705096e-06,-0.009225195974968403,-0.004313536892217852,-0.01703380096862427,-0.06995910954413861,0.05812186975016962,-0.06111448688845267,0.026055858245041353,-1.475167383953313e-05,8.727397799224154e-06,-3.372391621227488e-05,3.4851415383016485e-05,-3.1791793023638884e-05,3.404225414948277e-05,-5.597084234603144e-05,3.375262363417561e-05,-1.5252640619167757e-05,2.2729891380840466e-05,0.0006298194165953452,2.0528628016254182,
global_pooled,ALL,,,target_delta_block_var,0.3528472554156402,0.013955258933349615,0.35281299589514703,0.013929539113362975,0.3985605898500932,0.013212037206685328,0.380503143441924,0.01338176223255651,0.39853614676220495,0.013201048126396967,0.35294009355541445,0.014067627626172313,0.3531263093088681,0.017195792128910682,-3.4259520493185036e-05,0.04571333443445297,0.02765588802628377,0.04568889134656473,9.283813977423172e-05,0.00027905389322790963,-0.11256885870089002,-0.18309420004805596,-0.2812627714824885,0.049710338120499374,-0.2994583814685052,-0.06545058780087024,-9.314351302467382e-05,0.0001500280662575001,0.04056935544629259,0.05177628486511916,0.02330566424177316,0.0318267879566021,0.040554375971181236,0.05176744707731849,-3.636828408361963e-05,0.000542001463471532,0.0006298194165953452,2.0528628016254182,
global_pooled,ALL,,,target_delta_block_entropy,0.33089073666198143,0.014057562366941336,0.33148893175706906,0.013990430777715364,0.4382902001875958,0.00978955934276253,0.515345033774586,0.010805094327770192,0.5153213753871112,0.010757435176966104,0.3307403881200825,0.014024191753106494,0.3294455332059149,0.017528873360316406,0.000598195095087628,0.10739946352561436,0.18445429711260453,0.18443063872512977,-0.00015034854189893698,-0.001445203456066524,-0.028284030039518872,-0.04642914292799887,-0.16479250127588224,0.12366844515243762,-0.17083817218848152,0.06857635951331315,0.00017318895571363235,0.0011936050432507267,0.09933428675188664,0.11603904954007684,0.17495607225825202,0.1945138199623676,0.17489519572287562,0.19453086590592694,-0.00012621308119624975,0.0001679442102453464,0.0006298194165953452,2.0528628016254182,
global_pooled,ALL,,,target_future_density,0.30462747851777405,0.0073855358742108135,0.30464038561691875,0.007268527467643045,0.30458596087709233,0.007449414304255413,0.3045057576134204,0.007341182796193608,0.3044941858213018,0.007265211606133369,0.30467079877627495,0.007392545209877958,0.3050666209051899,0.005110144388308742,1.2907099144698897e-05,-4.151764068172081e-05,-0.00012172090435363936,-0.00013329269647227582,4.332025850090071e-05,0.0004391423874158251,-0.013388837200851862,-0.052871412434661716,-0.19471523032290283,0.17253753443908726,-0.17485734964215877,0.08141028968423739,-0.00023675266967336379,8.468522389417911e-05,-0.00034480189355628186,0.0002947005957020117,-0.0003089785629593472,0.00022235388598041268,-0.0005760461628575381,0.00026597251516532886,-0.00022535430870296717,0.00014045536633180278,0.0006298194165953452,2.0528628016254182,
global_pooled,ALL,,,target_future_live_count,0.9654442638244334,0.000828967267752651,0.9654332338194884,0.0008144010637673346,0.9654424954425431,0.0008288719391433758,0.9654425984232112,0.0008284627431580456,0.9654295926534546,0.0008215576514394285,0.96544315017424,0.0008348039722806493,0.9654646227861591,0.0010826730549416037,-1.1030004944956318e-05,-1.7683818902547443e-06,-1.665401222150642e-06,-1.4671170978752812e-05,-1.113650193396154e-06,2.0358961725697178e-05,-0.020631808022150658,-0.023421320648077268,-0.0776983226930918,0.0457162855007092,-0.06121954603932948,0.014643028539323788,-1.673088354020025e-05,1.380111674049444e-05,-7.549044431406915e-06,4.086468771327677e-06,-7.637862960452324e-06,4.43742829389082e-06,-2.451894410187283e-05,2.7291087437034108e-05,-1.4570197083665913e-05,2.130837492719804e-05,0.0006298194165953452,2.0528628016254182,
