n,resid_R2_iso,resid_R2_iso_ci_low,resid_R2_iso_ci_high,resid_iso_slope_raw,resid_iso_slope_raw_ci_low,resid_iso_slope_raw_ci_high,resid_iso_slope_std,resid_iso_slope_std_ci_low,resid_iso_slope_std_ci_high,resid_iso_intercept_raw,null_R2_shuffled_iso,null_R2_shuffled_iso_ci_low,null_R2_shuffled_iso_ci_high,null_slope_std,null_slope_raw,scope,condition_id,rule,L,rho,horizon
1000,0.30769243639130217,0.2639626502170726,0.34522069510859293,-0.5883446146928465,-0.6360831944353583,-0.5329906408955798,-0.5547003122329228,-0.5875543955462321,-0.5137727169171764,466.1089608550312,0.0004601625628686268,9.87396764387527e-07,0.005489194182657906,-0.021451400021178648,-0.02275249427799657,condition,GoL_L128_rho0.20,GoL,128,0.2,1
1000,0.18271238655463262,0.14410918409006082,0.22030481298223978,-0.518811888780519,-0.5780072489850618,-0.4467188020870263,-0.4274486946460741,-0.4693659505009349,-0.3796170771496284,411.02249314370096,0.0005743428230489123,3.0845565298170952e-06,0.00422723044320142,0.023965450612269585,0.029087843414571136,condition,GoL_L128_rho0.20,GoL,128,0.2,5
1000,0.17847312538701976,0.14251796661758748,0.21605827108547987,-0.5518140058024296,-0.6204195908964751,-0.48627494229552987,-0.4224607974558343,-0.4648206585722774,-0.37751468246935604,437.16802432890523,0.003729167949049428,6.665924391913159e-07,0.005011514286432875,-0.06106691370168672,-0.07976498286859827,condition,GoL_L128_rho0.20,GoL,128,0.2,10
1000,0.16014537227130976,0.1197023714266184,0.19749624045226663,-0.5365627730493067,-0.6041809069866467,-0.4620452796329427,-0.40018167408229693,-0.4444054848016077,-0.34597951053337817,425.08541819503677,0.010041776991847162,9.192511888633792e-07,0.003994826271891345,-0.10020866724913186,-0.1343595768248799,condition,GoL_L128_rho0.20,GoL,128,0.2,25
1000,0.14360497386440096,0.10145125089037146,0.18717290115230684,-0.5528786763140051,-0.6448351704482929,-0.4572186322461543,-0.3789524691361714,-0.4326347430361864,-0.31851298350342655,438.0114967656549,0.0020617909052951244,5.925140510870676e-07,0.005391242264039006,-0.04540694776457956,-0.0662471819560012,condition,GoL_L128_rho0.20,GoL,128,0.2,50
1000,0.13900872773076056,0.0998885655348387,0.17919096852784047,-0.5390189519289291,-0.6274513760521526,-0.45026147119719506,-0.3728387422609948,-0.4233092848866439,-0.3160515132455435,427.03129643827094,0.0002561068803893507,2.1614357720328716e-06,0.005224880511390798,0.016003339663621854,0.023136284927196892,condition,GoL_L128_rho0.20,GoL,128,0.2,100
1000,0.13626351366926703,0.1003067171821496,0.1734413151959942,-0.5667229752090013,-0.6445052565699899,-0.4843542924323781,-0.3691388812754178,-0.4164628319829006,-0.31671219610137313,448.9794764336287,0.0004797956886064547,2.7308782290513814e-07,0.005793741802515932,0.021904239055637435,0.0336286318157803,condition,GoL_L128_rho0.20,GoL,128,0.2,200
1000,0.39970294361433045,0.347121127201456,0.4442972444785096,-0.8008639525383058,-0.8643422801146828,-0.7427391203054677,-0.6322206447232886,-0.6665562575222712,-0.589169786857506,710.9621686821657,0.0010390866138100252,2.5448113998544078e-06,0.005375435249058707,-0.03223486643077606,-0.04083343806432437,condition,GoL_L128_rho0.25,GoL,128,0.25,1
1000,0.2992010169668633,0.2515377432263985,0.34551121359613407,-0.7110310675630966,-0.7713814316136175,-0.6470562559755916,-0.5469927028460833,-0.5878011438514419,-0.5015353657112609,631.2135640427338,0.0025766675269803807,7.543959621131302e-07,0.005024341631117321,-0.0507608857978303,-0.06598363493970724,condition,GoL_L128_rho0.25,GoL,128,0.25,5
1000,0.24753363240327797,0.19731437326955703,0.2987151041129458,-0.6621867038551369,-0.7350022942706522,-0.5846573322438509,-0.4975275192421803,-0.5465483527983744,-0.44419084776284057,587.8522732271747,0.0014983468092011343,1.670224047217728e-06,0.004811010709683618,-0.03870848497682514,-0.05151924885898208,condition,GoL_L128_rho0.25,GoL,128,0.25,10
1000,0.21296635947816667,0.16968683345806038,0.25781255158460015,-0.6590088694201407,-0.7335449241661429,-0.5841939107097183,-0.4614827835121988,-0.5077524453011741,-0.4119289009016913,585.0311697745134,0.0007448882274573299,1.3970776097577135e-06,0.0057553838218747,0.027292640536547872,0.03897456812276778,condition,GoL_L128_rho0.25,GoL,128,0.25,25
1000,0.20647994696634409,0.1621039842751627,0.24784030084963088,-0.6623377599245625,-0.7446420421462567,-0.5813173999875062,-0.454400645869198,-0.49783540591647024,-0.4026208164081477,587.986372346471,0.0006471572185815511,2.438286203987339e-06,0.0046523063934249065,0.0254392849463512,0.03708049088094626,condition,GoL_L128_rho0.25,GoL,128,0.25,50
1000,0.19641050594464993,0.15096417654692032,0.23627454607616308,-0.7076113952685157,-0.7900753144362466,-0.6110251373279039,-0.44318224913081744,-0.48608061903574534,-0.3885402441965143,628.1777704812532,4.089222826020311e-06,1.2918729283745157e-06,0.0042907714691629234,-0.0020221826885856438,-0.003228738327323094,condition,GoL_L128_rho0.25,GoL,128,0.25,100
1000,0.17614723414667488,0.13102041446137966,0.2255832398164799,-0.6634001892152145,-0.760668587658505,-0.5657693250552424,-0.41969898039746906,-0.4749560374838608,-0.3619635946326823,588.9295375746715,1.7089773524658902e-05,1.906210825564081e-06,0.004621732974851188,-0.004133977929877463,-0.006534401723575808,condition,GoL_L128_rho0.25,GoL,128,0.25,200
1000,0.336164279771326,0.29190314112746296,0.3793974881726042,-0.8376598408772916,-0.9014486707652261,-0.7686533028697065,-0.5797967572963184,-0.6159518879509256,-0.5402791186289615,750.8472879482919,0.002334948507527912,1.0718511261609278e-06,0.0038895669352029556,0.04832130490299164,0.06981207822681298,condition,GoL_L128_rho0.30,GoL,128,0.3,1
1000,0.29227398473394195,0.23751036557569044,0.3315964394116502,-0.75363696021235,-0.8181783180804786,-0.6756140673721639,-0.5406236997523713,-0.5758440436272002,-0.4873500391669676,675.5322865668227,4.1833760574094825e-05,1.4875230680277972e-07,0.005641587615161577,-0.006467902331847289,-0.009016345851202041,condition,GoL_L128_rho0.30,GoL,128,0.3,5
1000,0.2796260851554002,0.24040062200660164,0.32743219085290426,-0.734149333285267,-0.8094165226750791,-0.671215363262777,-0.5287968278605688,-0.5722137615374099,-0.49030665965882575,658.0642988315818,0.001311259608306914,8.105022064830437e-07,0.00436107320024681,0.036211318787181715,0.05027359118727434,condition,GoL_L128_rho0.30,GoL,128,0.3,10
1000,0.27246676391675895,0.22598211676350904,0.31666156097481285,-0.7786154464659829,-0.8486864360716293,-0.703927950626675,-0.5219834900806336,-0.5627267828743758,-0.475375465064751,697.9220774405877,0.0004272561491089899,2.015094036858512e-06,0.004609298121495478,0.020670175352646075,0.03083261849573925,condition,GoL_L128_rho0.30,GoL,128,0.3,25
1000,0.23004013747313878,0.18913082548107654,0.27345795773641807,-0.7349636775041098,-0.8114485918672468,-0.656254138631531,-0.47962499671424413,-0.5229316951771963,-0.4348909452623101,658.7942468586166,0.0029668501542411407,7.534434697087368e-07,0.004841658405518495,-0.054468799823762695,-0.08346643669941745,condition,GoL_L128_rho0.30,GoL,128,0.3,50
1000,0.22688931196164286,0.18283294405580575,0.26765542258274977,-0.7806310123068658,-0.8597867314796532,-0.6945412289543879,-0.47632899550798175,-0.5173542507980072,-0.42758723464391485,699.7287560844195,0.0006021971476569687,7.39051522483103e-07,0.004463191621717252,0.02453970553321504,0.040216857157050895,condition,GoL_L128_rho0.30,GoL,128,0.3,100
1000,0.21785203809986997,0.17031664331494878,0.2640975938639817,-0.786103220038646,-0.8775552856181783,-0.6845031214414689,-0.46674622451592473,-0.5139032063473996,-0.41269328582254766,704.633840623501,0.00018282098924127244,2.579837315080935e-06,0.005171094974074312,0.013521131211592732,0.02277255653223916,condition,GoL_L128_rho0.30,GoL,128,0.3,200
1000,0.35777493033508223,0.3079221437600991,0.40966433056552076,-0.9351440227929563,-1.012014536053982,-0.853913620852327,-0.5981429012661458,-0.6400494956010062,-0.5549073101788466,786.0334380705737,0.000546775718815673,1.5403665216878756e-06,0.005761331552322042,-0.0233832358499795,-0.03655764064470037,condition,GoL_L128_rho0.35,GoL,128,0.35,1
1000,0.3168854518165449,0.2740030604615187,0.36024563373904406,-0.8000522809240775,-0.8702751064711489,-0.7315052048728636,-0.5629257960127118,-0.6002046597503365,-0.5234530058308756,672.4823446261713,0.0005717327236530734,1.7947164428211432e-07,0.005010274158134354,0.023910933140577892,0.03398315858616367,condition,GoL_L128_rho0.35,GoL,128,0.35,5
1000,0.314890715691457,0.26982446509411767,0.3648482241179414,-0.8573195959129725,-0.9342421192696528,-0.7863748507595592,-0.5611512413703251,-0.6040265766840437,-0.5194461883181316,720.6182717054572,2.74346589792529e-05,1.0606472914842513e-06,0.00439178320635379,0.0052378105138706325,0.008002259038498329,condition,GoL_L128_rho0.35,GoL,128,0.35,10
1000,0.23603069664892062,0.19037895257024132,0.2855055497631349,-0.772160580861628,-0.8562793456350981,-0.691615006953354,-0.4858299050582627,-0.5343266699159667,-0.4363241135697678,649.0380319220798,0.00024583501647079675,5.19313682409428e-07,0.005425244746935591,0.015679126776410087,0.0249198402836565,condition,GoL_L128_rho0.35,GoL,128,0.35,25
1000,0.235013133724155,0.19709910167786787,0.2829672972795884,-0.8011241885737128,-0.8908734211391698,-0.7173477490556788,-0.484781531954503,-0.5319457556043523,-0.4439583649949617,673.3833344572572,1.996485384503366e-05,7.363617047062565e-07,0.003945216322411497,-0.0044682047675815,-0.007383917667775134,condition,GoL_L128_rho0.35,GoL,128,0.35,50
1000,0.20142626631560623,0.15786476918869297,0.2488332480801578,-0.7674404681242576,-0.8726158084941181,-0.6651332178039594,-0.4488053768791169,-0.4988293958108416,-0.3973197074591009,645.0705506009085,0.00095405918641156,4.279514956728736e-06,0.005314821128638232,0.030887848523514255,0.052817069828959826,condition,GoL_L128_rho0.35,GoL,128,0.35,100
1000,0.16283211662050956,0.12155241764977928,0.20171219831080348,-0.7027059534899118,-0.8006465790893482,-0.5934619596505234,-0.4035246171183482,-0.44912379388889634,-0.3486436790445746,590.658083794038,0.0005093110983507287,1.6382090211819468e-06,0.00447828499651959,0.022567921888174164,0.03930023695199803,condition,GoL_L128_rho0.35,GoL,128,0.35,200
1000,0.3551518551346604,0.30561832076636564,0.40490096365663997,-0.6319897701098335,-0.6861386125596652,-0.5711278048206347,-0.5959461847639105,-0.6363169808045902,-0.5528270893364686,125.26353238461954,0.0008712882272473577,2.3959130278389257e-06,0.004369374881784675,-0.029517591826696405,-0.031302853428183355,condition,GoL_L64_rho0.20,GoL,64,0.2,1
1000,0.24313581584352084,0.20224528231520786,0.28552124635341486,-0.6435896141457726,-0.7127009474559458,-0.5773695120519983,-0.49308804066162554,-0.5343418802697173,-0.4497168598184443,127.56267947176288,0.00028386558365900427,2.8895503756093406e-06,0.0043655444141857975,-0.01684831100315116,-0.021990794915602446,condition,GoL_L64_rho0.20,GoL,64,0.2,5
1000,0.2221018229121653,0.17878646435181048,0.2695123279889714,-0.6515088127567461,-0.7319405300105324,-0.5714582814953675,-0.4712768007362185,-0.519145273032083,-0.4228314794800159,129.13230423245093,0.003939235636408078,9.998223491763938e-07,0.005431083389882303,-0.06276333034828598,-0.08676612720166241,condition,GoL_L64_rho0.20,GoL,64,0.2,10
1000,0.16981348060787804,0.13345586799861012,0.21229620951627545,-0.5924989185504003,-0.6644188794365978,-0.5188359108068303,-0.4120843124991272,-0.4607539757760941,-0.36531539897663984,117.43624815128207,0.0024451070664008867,5.394650270940105e-07,0.004360203870813655,0.04944802388772442,0.07109686000966883,condition,GoL_L64_rho0.20,GoL,64,0.2,25
1000,0.1638952705254706,0.12875262807910623,0.20739944569090485,-0.6064162807080175,-0.6861570035786423,-0.5347822659295038,-0.404839808474254,-0.4554110490477627,-0.3588205594159359,120.19473891773261,9.780034450934671e-05,1.537159490855311e-06,0.00557286658829638,0.00988940567017435,0.014813505192390919,condition,GoL_L64_rho0.20,GoL,64,0.2,50
1000,0.1390902855969648,0.1001052855937477,0.17834767466537282,-0.6032025174519283,-0.6952430936581939,-0.5127307050731811,-0.3729481004066986,-0.42231179492666665,-0.3163894497349764,119.55775497155946,0.00024679387264670005,1.8922320736775023e-06,0.005887095950656665,-0.015709674492067477,-0.025408669977489737,condition,GoL_L64_rho0.20,GoL,64,0.2,100
1000,0.15037881704017186,0.11504092572816271,0.19227138470045096,-0.6426495506981902,-0.7284948318492713,-0.5560513306054145,-0.38778707693806935,-0.4384873157162566,-0.339171347602223,127.37635419613478,0.0004038378616307847,1.2821994175959972e-06,0.0038892677792077184,-0.02009571749479897,-0.03330307941399704,condition,GoL_L64_rho0.20,GoL,64,0.2,200
1000,0.38887248944705854,0.3430514766044107,0.4373980783449298,-0.7975835893991947,-0.8536614210507105,-0.7345155097795854,-0.623596415518129,-0.6613607617952542,-0.5857059208131137,176.9104207974566,5.692094078113552e-05,1.9714966451478417e-06,0.0042128659709873475,-0.007544596793805048,-0.009649584958523175,condition,GoL_L64_rho0.25,GoL,64,0.25,1
1000,0.28942002486153096,0.23401251929518246,0.33413898863663183,-0.6975319890306825,-0.7693930668938364,-0.6248174674962127,-0.5379777178113713,-0.5780475660396478,-0.4837448473039432,154.71817542291768,0.0007973708751598529,1.7111831818766858e-06,0.005776390759930322,-0.02823775619909989,-0.036612554005866514,condition,GoL_L64_rho0.25,GoL,64,0.25,5
1000,0.28226630285592935,0.23839189933578328,0.32961507883065344,-0.728206086866952,-0.8017882471423674,-0.656386604017062,-0.5312874013713571,-0.5741207598451863,-0.48825386494143047,161.52193571578488,0.0012237700245278926,3.336609639267852e-06,0.005832605124387521,0.03498242450899757,0.04794846328947615,condition,GoL_L64_rho0.25,GoL,64,0.25,10
1000,0.2332952827963043,0.1844475139615319,0.2817765926721236,-0.6743201608756044,-0.752210108768868,-0.5952467564389712,-0.4830065038861326,-0.5308238520452658,-0.4294727756123017,149.56960624349605,0.0011215263771071626,1.0383435623428918e-06,0.005347149605885602,-0.033489197916748474,-0.0467539073389799,condition,GoL_L64_rho0.25,GoL,64,0.25,25
1000,0.18041180568318738,0.1403079438485261,0.23338241381082492,-0.6457671786512449,-0.7331511196646426,-0.5622058011821287,-0.42474910910228825,-0.4830964749294452,-0.37457699969084385,143.2363263622753,0.007743658877509385,4.513380493204045e-07,0.004258948872414816,0.08799806178268552,0.13378782642837245,condition,GoL_L64_rho0.25,GoL,64,0.25,50
1000,0.199015989740566,0.15230934047562347,0.24891953860362584,-0.7205240284931373,-0.8165498682788301,-0.6275311372270416,-0.44611208203832176,-0.49891770800199997,-0.390261967395377,159.81799371200583,0.0015552786134528374,7.787372750450716e-07,0.004791755292344342,0.039437020849107315,0.06369547537052744,condition,GoL_L64_rho0.25,GoL,64,0.25,100
1000,0.19444671188431006,0.14958083408081121,0.2402679385946915,-0.7141518435059144,-0.7982355852491182,-0.6278590620314474,-0.44096112287174527,-0.4901706837579252,-0.3867552560456609,158.4045921043599,8.2032195424242e-05,3.102686722183945e-07,0.004832655471751656,0.009057162658606463,0.014668389284417794,condition,GoL_L64_rho0.25,GoL,64,0.25,200
1000,0.4176779708026169,0.3646425882328354,0.46674884491028656,-0.9479236510920792,-1.0151719995157154,-0.8737288271889367,-0.6462801024343988,-0.6831901779488947,-0.6038556762419088,212.645816802184,0.00048800005445115424,1.389521138439598e-06,0.004238183422493054,0.02209072326681747,0.032401305525992026,condition,GoL_L64_rho0.30,GoL,64,0.3,1
1000,0.3155347866042102,0.2664229121093504,0.3556606733779599,-0.7744278717201445,-0.8382750382563271,-0.6981374632397045,-0.5617248317496834,-0.5963729040584427,-0.51616137824302,173.72585560723658,0.0003487077810480077,1.5859776161614162e-06,0.004674026793307706,-0.018673718993494914,-0.02574471990527317,condition,GoL_L64_rho0.30,GoL,64,0.3,5
1000,0.2806554144013067,0.23148913330782547,0.32642622938542304,-0.7128127832139587,-0.8004561003650011,-0.6302202212844337,-0.5297692086194765,-0.5713372274385562,-0.48113277219371015,159.90386603282093,0.0028538210832718125,2.800880758202507e-06,0.004319753293701391,0.053421166996537026,0.07187901846649389,condition,GoL_L64_rho0.30,GoL,64,0.3,10
1000,0.2759874349623964,0.23078472232331823,0.3218345732070502,-0.8195924431828787,-0.8992149219138889,-0.7409645710411471,-0.5253450627562767,-0.5673042123517184,-0.48040058264099617,183.85753359432877,0.00013349533048923057,6.14542456775502e-07,0.00626764730946602,-0.011554017937029653,-0.018025458809693157,condition,GoL_L64_rho0.30,GoL,64,0.3,25
1000,0.24323813316537934,0.19533795728989792,0.2875963669889616,-0.7708830762218998,-0.8529833630194913,-0.6747040151118733,-0.49319178132383684,-0.5362794950263172,-0.44197012013984044,172.93065872270637,0.0004120714033172268,1.8223413029871966e-06,0.004613346300253345,0.020299541948459048,0.031729185148056026,condition,GoL_L64_rho0.30,GoL,64,0.3,50
1000,0.25452435416601893,0.20816029812119688,0.30511909651700053,-0.8280432340231019,-0.9186222688318457,-0.7474256487820867,-0.5045040675415997,-0.5523753465848918,-0.45624584203351015,185.7532826019344,0.0007143352425830196,1.8006641310658324e-06,0.005411814766975369,-0.026727050764777344,-0.0438671459261149,condition,GoL_L64_rho0.30,GoL,64,0.3,100
1000,0.22544117057577073,0.18257411037120044,0.2671872258031472,-0.7802443375468747,-0.8699731883927222,-0.6854594626828906,-0.47480645591205967,-0.5168986752352636,-0.427286433285127,175.0306517532153,5.977361706843709e-05,1.0029438982817053e-06,0.004426563170205934,-0.007731339927104512,-0.01270482767170007,condition,GoL_L64_rho0.30,GoL,64,0.3,200
1000,0.3721250625821454,0.32824900004756874,0.4268504202364856,-0.9569566884114826,-1.035236363001749,-0.881536157025156,-0.6100205427542132,-0.6533378161549321,-0.5729301712682651,200.91688455874436,0.0013215632568642777,1.5243144652760114e-06,0.0054925153639627956,0.036353311497911656,0.05702848042914096,condition,GoL_L64_rho0.35,GoL,64,0.35,1
1000,0.3586493844719736,0.3134564406170855,0.40725154463299323,-0.8695467749200074,-0.9464096802495695,-0.8105424250554993,-0.5988734294255951,-0.6381623646443388,-0.5598717934894787,182.5648235815552,0.0005974637384347226,7.610783601341709e-07,0.005072825176390445,-0.02444307137891005,-0.035490627639060184,condition,GoL_L64_rho0.35,GoL,64,0.35,5
1000,0.3251887723404536,0.27846968934444516,0.373021237978913,-0.8462564033611526,-0.9232833655277111,-0.7672668573057889,-0.5702532528100592,-0.6107545701667796,-0.5277020625992223,177.67491691128737,0.00021441890843576505,8.396635812951694e-07,0.005600878343495419,0.014643049833822018,0.021730300748912797,condition,GoL_L64_rho0.35,GoL,64,0.35,10
1000,0.2634953678255145,0.21967019359371873,0.31526210380639386,-0.816717669532832,-0.9053912290968705,-0.7369742191804524,-0.5133179987352031,-0.5614812692697684,-0.46868751128445557,171.47314158909614,0.0005810496254424757,9.424121776763218e-07,0.004178614627101653,0.024104970969539962,0.03835235811506158,condition,GoL_L64_rho0.35,GoL,64,0.35,25
1000,0.24096231452461625,0.1894327648422388,0.28570404131102933,-0.7975532953557529,-0.8703478986795461,-0.7116747462808146,-0.490879124148314,-0.5345128723941402,-0.43522800969040487,167.4495045731217,0.0015095426309876814,6.203798397247385e-07,0.0048940159822998715,0.038852832985352394,0.06312593764328016,condition,GoL_L64_rho0.35,GoL,64,0.35,50
1000,0.2121733543637906,0.1685986521878125,0.2590589532924136,-0.7580171529240789,-0.8431093714325512,-0.6730361295699882,-0.46062278967045295,-0.5089779365683686,-0.4106072612269208,159.148733325022,0.00029496708313259123,1.6765879219088343e-06,0.004127496764982519,-0.01717460576352568,-0.028263138636226082,condition,GoL_L64_rho0.35,GoL,64,0.35,100
1000,0.23663719509968717,0.18748561024175514,0.28012246575905186,-0.8216207030178584,-0.9063292051983595,-0.7098347689921779,-0.48645369265705735,-0.5292636777170675,-0.43299603864605135,172.50255308141152,0.00032071264169375446,8.69479484549851e-07,0.005808113877309115,-0.017908451683319827,-0.03024739021229653,condition,GoL_L64_rho0.35,GoL,64,0.35,200
1000,0.3290216620059492,0.28637683930522817,0.37634013115394677,-0.6139537073516848,-0.660680508879004,-0.5585632519712287,-0.5736040986655774,-0.6134656373932892,-0.5351418866842667,485.7761360530443,2.0851388024545336e-05,7.869645480051979e-07,0.005589297278523507,-0.004566332009882553,-0.0048875460844650396,condition,HighLife_L128_rho0.20,HighLife,128,0.2,1
1000,0.21114866254926945,0.1730099927906412,0.2518984331024441,-0.5908408389413504,-0.6677860068790719,-0.5244735218027912,-0.4595091539341404,-0.5018909622611106,-0.4159446911772538,467.48863363220886,0.00018315677568636612,5.162463458505129e-06,0.004635206529913036,0.013533542614055245,0.017401545983310198,condition,HighLife_L128_rho0.20,HighLife,128,0.2,5
1000,0.17754549980222611,0.13958377059064134,0.21975499791715467,-0.5828758548500573,-0.6609579611745415,-0.510910856093737,-0.4213614835295532,-0.46878032883022724,-0.373607192226674,461.18653112959146,0.00010808811844309485,3.1430793334952246e-07,0.004940170548843496,-0.010396543581551216,-0.014381699477658891,condition,HighLife_L128_rho0.20,HighLife,128,0.2,10
1000,0.1386458973964182,0.10943899495925902,0.17929961537718708,-0.5477139318474138,-0.6275758678564458,-0.47772273771079043,-0.3723518462374238,-0.4234329767244169,-0.3308156011219502,433.3655034399019,0.0006307361934775324,6.120534103176701e-07,0.004102168599509101,0.02511446183929846,0.03694231888261669,condition,HighLife_L128_rho0.20,HighLife,128,0.2,25
1000,0.1300187002137443,0.10168095297850635,0.16476213009521481,-0.5708027174244362,-0.644378996572632,-0.4971802929054029,-0.36058105914446514,-0.40590897576937274,-0.31886939802549513,451.633950896867,0.002936382896965184,5.330606540066008e-07,0.004890603977073094,-0.05418840186760589,-0.08578067609071093,condition,HighLife_L128_rho0.20,HighLife,128,0.2,50
1000,0.12513244868029016,0.08569131639165516,0.16838666542968522,-0.5779484368709454,-0.670154511621274,-0.4724823502693514,-0.35374065172141317,-0.41034823487087646,-0.29270733709359303,457.28782991165053,0.0018357185862570846,1.4879111837368124e-06,0.005531607627072343,-0.042845286628251385,-0.07000147230346315,condition,HighLife_L128_rho0.20,HighLife,128,0.2,100
1000,0.11219618330597436,0.07802746643294059,0.15388853036543074,-0.5849110101640229,-0.6777146400511395,-0.4751527875796673,-0.3349569872475783,-0.3922862737519927,-0.2793337428910353,462.79679892803927,0.0007077691691063093,1.0883415248047479e-06,0.005806818381769468,-0.02660393145958345,-0.04645650939312324,condition,HighLife_L128_rho0.20,HighLife,128,0.2,200
1000,0.32748261994728634,0.27650532760784546,0.3732919243481215,-0.7026239235988362,-0.7580481185678627,-0.6348618690461258,-0.5722609718889511,-0.6109761903232259,-0.5258375605587416,623.0658167297399,0.0005851483252209411,1.469524685665524e-06,0.005031935763340341,0.0241898392971306,0.029700365101035412,condition,HighLife_L128_rho0.25,HighLife,128,0.25,1
1000,0.2735527163804138,0.22125297204918665,0.3242525536071061,-0.6813060832832467,-0.7481685720185113,-0.6061865821285998,-0.5230226729123835,-0.5694317156411784,-0.4703744830807443,604.1617954730849,0.0004533860606634743,1.3333629444695072e-06,0.004435155794171676,-0.021292864078452864,-0.027736766642243574,condition,HighLife_L128_rho0.25,HighLife,128,0.25,5
1000,0.23088924779176434,0.18323854557297023,0.27822840567215423,-0.6648559021044348,-0.7390207184117797,-0.5791942287097436,-0.48050936285546486,-0.5274735855115799,-0.4280637031322462,589.5742683091497,0.0006420747548200323,6.39151375764202e-07,0.005158054105186681,-0.025339194044404982,-0.035060529549056245,condition,HighLife_L128_rho0.25,HighLife,128,0.25,10
1000,0.229540765845606,0.1887223439824783,0.2740434227584948,-0.707011528322378,-0.7966435241865187,-0.631045672434346,-0.4791041283954944,-0.5234915609592441,-0.4344098172094965,626.9566129704351,0.00026869826819186926,9.048819073542714e-07,0.005092365642920652,0.01639201842946186,0.02418961832141747,condition,HighLife_L128_rho0.25,HighLife,128,0.25,25
1000,0.16123913770772813,0.12371225202465942,0.19970964137926273,-0.6267165785341522,-0.7065052279548605,-0.5459141947458641,-0.4015459347418778,-0.44688868387494957,-0.35172510802486484,555.75346034673,0.0004349210495193656,1.1458330415575757e-06,0.004938636830899208,0.02085476083582331,0.03254926330054095,condition,HighLife_L128_rho0.25,HighLife,128,0.25,50
1000,0.15778756111798498,0.11912509926229474,0.2044096419843968,-0.6595431759962523,-0.7644515000204605,-0.5707005568408031,-0.3972248243979537,-0.4521148873865487,-0.345139280645013,584.8631021781965,1.4171969597853717e-08,1.2379124783606922e-06,0.005040268021788119,0.00011904608242537627,0.00019766144125488372,condition,HighLife_L128_rho0.25,HighLife,128,0.25,100
1000,0.12554148845879776,0.08853843667176886,0.16923210370842756,-0.6088533115091938,-0.7146532761317559,-0.505033036704368,-0.3543183433845867,-0.4113615728567419,-0.2975537529847789,539.9128510470076,0.0007821775201535264,7.014758129614274e-07,0.004682861993943488,0.027967436781971382,0.04805866480540801,condition,HighLife_L128_rho0.25,HighLife,128,0.25,200
1000,0.37538353497404087,0.32264802796416914,0.42747304648477397,-0.8600704845029308,-0.9309691151021858,-0.7959898723544613,-0.6126855106610901,-0.6538138535647005,-0.5680187814584746,770.6128332688121,7.594965678991983e-05,1.679008403121518e-06,0.004709118155857428,0.008714910027645944,0.012233742694174888,condition,HighLife_L128_rho0.30,HighLife,128,0.3,1
1000,0.3326067116529584,0.2829032067739038,0.3789795542211037,-0.7831869646599009,-0.853466510536163,-0.7074925284978981,-0.5767206530487341,-0.615612295401505,-0.5318864510887844,701.7261220916954,0.0005591809458138641,8.933835912772194e-07,0.004316043250187853,0.023647007121702632,0.03211264870268545,condition,HighLife_L128_rho0.30,HighLife,128,0.3,5
1000,0.28719668482393423,0.24465834965264152,0.33709831236007465,-0.7475183040742787,-0.8193047306869838,-0.6779771404158672,-0.5359073472382465,-0.5806016087239964,-0.4946282866378533,669.7674302309049,0.002011152310161579,2.5408541894256233e-06,0.005286559110892399,-0.04484587283309013,-0.06255393022260441,condition,HighLife_L128_rho0.30,HighLife,128,0.3,10
1000,0.28318508521140573,0.2431404800584799,0.3262238286527145,-0.7917271652486311,-0.8499005815275084,-0.7226781241124525,-0.5321513743394879,-0.5711600582181093,-0.4930904216324857,709.3780393367906,0.00014827489561752838,7.23655470014073e-07,0.004513530489768483,-0.012176817959446803,-0.01811649472247926,condition,HighLife_L128_rho0.30,HighLife,128,0.3,25
1000,0.23985598955157506,0.1900175150050426,0.28630671924115286,-0.7565292170555653,-0.8363954053059766,-0.6684778188642051,-0.4897509464529653,-0.5350761056656752,-0.4359092738914867,677.8411001311821,3.578259223924185e-05,7.960167905746165e-07,0.004540554334357018,-0.005981855250614753,-0.009240305306325502,condition,HighLife_L128_rho0.30,HighLife,128,0.3,50
1000,0.16600007082179624,0.12818536529207436,0.21039314625008199,-0.639484344958359,-0.72761956362049,-0.5635522859802982,-0.40743106266188933,-0.4586858097935249,-0.3580297848189797,572.9702992705503,0.00018497302249487202,2.3519471793881364e-06,0.004459851307657781,-0.013600478759770185,-0.021346662166574288,condition,HighLife_L128_rho0.30,HighLife,128,0.3,100
1000,0.19990513352101602,0.15977019812776472,0.2450480962217914,-0.7717230276034127,-0.8567923795213003,-0.6766370645162308,-0.44710751897168527,-0.4950189325654804,-0.39971241793666135,691.4545720563269,0.00019147481625414464,6.751862340614867e-07,0.00449876041300537,0.013837442547453846,0.02388390399152658,condition,HighLife_L128_rho0.30,HighLife,128,0.3,200
1000,0.3705335581849818,0.3221772875683743,0.42154619832137175,-0.9062567115686853,-0.9863768593415274,-0.8334628587316013,-0.6087146771558753,-0.6492655881967075,-0.5676065849770805,760.6692896253105,0.00027529900931300144,6.49507169936392e-07,0.005451522479149208,-0.01659213697246386,-0.024702436223189354,condition,HighLife_L128_rho0.35,HighLife,128,0.35,1
1000,0.30385004555246986,0.2565437088597466,0.3498381211246635,-0.7801022546557325,-0.8614696590471727,-0.7027343579923315,-0.551225947822188,-0.5914686768133852,-0.5065008705301328,654.7811677520529,0.0002694510986051002,1.1743437499101006e-06,0.0049809582169866445,-0.01641496569003607,-0.02323067663176176,condition,HighLife_L128_rho0.35,HighLife,128,0.35,5
1000,0.3154396833317843,0.27081457031326023,0.3591226276659902,-0.8031617221834719,-0.8713604752782091,-0.7234284441073364,-0.5616401724696908,-0.5992684063305073,-0.5203983172878633,674.1362009998637,0.002353014935782438,7.312476185822314e-07,0.004700677684691784,0.04850788529489168,0.06936768166281057,condition,HighLife_L128_rho0.35,HighLife,128,0.35,10
1000,0.2733693703840445,0.22522597588344445,0.3317288873555861,-0.7640439382005502,-0.8510142686133019,-0.6868238992451331,-0.5228473681525463,-0.5759530137394544,-0.4745797422985932,641.3025716604462,0.002388559078676078,2.9057335199922377e-07,0.0056268894544573315,-0.048872886948449705,-0.0714186114147736,condition,HighLife_L128_rho0.35,HighLife,128,0.35,25
1000,0.2582604441821731,0.21405809768808948,0.3049002897246736,-0.800055235536594,-0.871922202139508,-0.7250958959680263,-0.5081933137912905,-0.5521777202892618,-0.46266401327026163,671.5287621133463,8.172689480878681e-05,1.0310395988144538e-06,0.005273045395724186,-0.009040292849726987,-0.014232248691446825,condition,HighLife_L128_rho0.35,HighLife,128,0.35,50
1000,0.2134579622717364,0.17017770386734574,0.2573495154775193,-0.791705583240742,-0.8862060750913306,-0.7029667505668811,-0.4620151104365919,-0.5072957911924361,-0.4125259057632725,664.5204564098666,0.0019959067745450865,3.5560801964013016e-06,0.005218931504496226,-0.044675572459064436,-0.07655572155831442,condition,HighLife_L128_rho0.35,HighLife,128,0.35,100
1000,0.19898720939319348,0.15772904313472108,0.24672341151756616,-0.7824866400307507,-0.8792468280887182,-0.6872427461220848,-0.4460798240149326,-0.49671033460953634,-0.39714922964838234,656.7825087697307,2.4840640522105772e-05,7.417496240946786e-07,0.005550913126453624,0.004984038575499007,0.008742703410399691,condition,HighLife_L128_rho0.35,HighLife,128,0.35,200
1000,0.33382669375348784,0.2913636933307462,0.38068628421746836,-0.6117196048423289,-0.6644787368023676,-0.5563302229520792,-0.5777773738677265,-0.6169974050109639,-0.539781150888355,120.91310881273962,0.0012209572968051585,6.717377346032729e-07,0.003901786744890952,-0.03494219936989062,-0.03699492115412047,condition,HighLife_L64_rho0.20,HighLife,64,0.2,1
1000,0.18743135472075356,0.14474676525666735,0.2265606587825442,-0.5581784709681137,-0.6252620958620269,-0.4872810580331769,-0.43293342989512007,-0.4759829767645201,-0.380455996131911,110.33011475002832,0.0008822003338497808,7.837102346835991e-07,0.004843189379958573,-0.029701857414138257,-0.03829442637486543,condition,HighLife_L64_rho0.20,HighLife,64,0.2,5
1000,0.1787403907046402,0.14011093825118087,0.21986147547509122,-0.600429643133362,-0.670155235900481,-0.5280498047526417,-0.4227769987885334,-0.4688933839727395,-0.37431290648845617,118.68152369138348,1.1675385994891485e-05,1.9563391973648205e-06,0.005007885970516709,0.0034169263958805534,0.004852733006692553,condition,HighLife_L64_rho0.20,HighLife,64,0.2,10
1000,0.13811087655706322,0.10492707632818316,0.1716175561847008,-0.5525479174179949,-0.6278533474394086,-0.47866689424763204,-0.3716327172855786,-0.4142674912880688,-0.32392424753683635,109.2171739047583,0.0008462199060633724,4.0471727742741336e-07,0.004600655167211878,-0.029089859161970853,-0.04325114649574348,condition,HighLife_L64_rho0.20,HighLife,64,0.2,25
1000,0.11894789090254998,0.08954819183346482,0.15225423517972983,-0.5575903585448884,-0.6366171398221231,-0.47340385543411695,-0.3448882295795977,-0.3901976809025077,-0.2992460286404076,110.21386786034117,3.2865925945202434e-05,1.202757728363535e-06,0.0049347413483621025,0.005732881120780935,0.009268507781573081,condition,HighLife_L64_rho0.20,HighLife,64,0.2,50
1000,0.13388463982685872,0.09614053863936897,0.17196495837262085,-0.631605483617708,-0.7248668006845155,-0.5248194867653591,-0.3659025004381061,-0.41468621344780815,-0.31006417871860237,124.84377149735974,0.0012256023505130553,1.2371341346073543e-06,0.00402867340340937,-0.03500860394978788,-0.06043037749676932,condition,HighLife_L64_rho0.20,HighLife,64,0.2,100
1000,0.1268336348513831,0.09503502136653484,0.16096554537376437,-0.645132297784149,-0.7324165736752821,-0.5408963147390748,-0.3561371012003419,-0.40120457821637495,-0.3082774501834901,127.51749511231272,0.0003500121691756286,7.30345907548613e-07,0.004947700621189438,-0.01870861216594247,-0.03389012241152972,condition,HighLife_L64_rho0.20,HighLife,64,0.2,200
1000,0.3806014807203676,0.3358720109377342,0.4265980522227728,-0.7560535015231666,-0.8114237228146173,-0.7019179828993548,-0.6169290726820769,-0.6531447405255038,-0.5795446257315335,166.16014619025086,6.716896561786978e-05,6.59013239723283e-07,0.004749662952176063,-0.008195667490684724,-0.010043882478602158,condition,HighLife_L64_rho0.25,HighLife,64,0.25,1
1000,0.2379460973058195,0.19108132441329975,0.28671303312279206,-0.604068852120328,-0.6769511349408279,-0.5402005814922239,-0.48779718870225086,-0.5354556799934449,-0.43712811089724435,132.75802383704084,0.00041465727271039476,1.0522029488035932e-06,0.0054035837650454575,-0.020363135139517773,-0.025216905620191955,condition,HighLife_L64_rho0.25,HighLife,64,0.25,5
1000,0.26772547536170543,0.2260286824782066,0.32038180201384264,-0.705216534959415,-0.777674755078809,-0.6354252635668111,-0.5174219509855621,-0.5660227301760339,-0.4754243751657963,154.98755353763556,0.0006651740164645981,2.760165639287271e-06,0.0053731925170419,0.025790967730285927,0.03515161438620492,condition,HighLife_L64_rho0.25,HighLife,64,0.25,10
1000,0.22337267745856293,0.18682901671267832,0.265832652358193,-0.6762423072640342,-0.7433529361167529,-0.6074254211894833,-0.472623187601458,-0.5155891163928278,-0.43223689599313997,148.6198005943386,0.00042336769583950495,1.2708652056603321e-06,0.0038817802044455365,0.020575900851227628,0.02944056709592405,condition,HighLife_L64_rho0.25,HighLife,64,0.25,25
1000,0.21441710746232623,0.17813967360036698,0.2608266442702214,-0.693613938362093,-0.7769983558686612,-0.6221604717588036,-0.46305194898879987,-0.5107118791814134,-0.4220654551631105,152.4376160756522,8.589574874240391e-05,2.2128051468006673e-06,0.0057720291524674455,0.009267995939910923,0.01388269972439097,condition,HighLife_L64_rho0.25,HighLife,64,0.25,50
1000,0.13531460742201007,0.0956246791955616,0.17698837713659255,-0.5901596789859181,-0.6843083772194127,-0.4887780355655674,-0.367851338752505,-0.4206998649136511,-0.3092315987356669,129.70116312977223,0.0008318347158045025,2.8528568596697393e-06,0.005436039344875893,0.028841544962163453,0.04627172752463553,condition,HighLife_L64_rho0.25,HighLife,64,0.25,100
1000,0.14854315436130172,0.10697509248430727,0.18730003650300642,-0.647610747328108,-0.7417380511744758,-0.5427831098801464,-0.3854129660004988,-0.4327816821086813,-0.327070424025383,142.32735677254027,4.6399588359280486e-05,1.7731584177671514e-06,0.004718351265441709,-0.006811724330828148,-0.011445764085879172,condition,HighLife_L64_rho0.25,HighLife,64,0.25,200
1000,0.38651304411574194,0.3475991805918598,0.43156070506031885,-0.8766231560588265,-0.9478963306416244,-0.8108582774615886,-0.6217017324374623,-0.6569319302081257,-0.5895753462453129,196.84046995407314,0.001297196753103913,3.0288579757065116e-07,0.004601416461873996,-0.0360166177354826,-0.05078480477456129,condition,HighLife_L64_rho0.30,HighLife,64,0.3,1
1000,0.3220291235078473,0.2751386974378258,0.3754496071835285,-0.7463070499931106,-0.8149944303692156,-0.684686580350139,-0.5674760995036243,-0.6127393078679709,-0.5245366434873036,167.57877023365305,0.00479849087219919,7.71042968203406e-07,0.005043823130097871,-0.0692711402547929,-0.09110082412005317,condition,HighLife_L64_rho0.30,HighLife,64,0.3,5
1000,0.28968064382887015,0.24337467909494614,0.331180981778283,-0.7579274612825736,-0.8253812819925626,-0.686042366657359,-0.5382198842748844,-0.5754813003635476,-0.493329882937006,170.1880638662342,0.002354638425123734,1.6493890959701218e-06,0.004994243133899275,-0.048524616692186655,-0.06833292602849164,condition,HighLife_L64_rho0.30,HighLife,64,0.3,10
1000,0.2581766382695653,0.21162634822306617,0.3036502428187045,-0.7460694371482544,-0.826115281798605,-0.6688620077211948,-0.5081108523438219,-0.5510446822885444,-0.46002838628155635,167.52541569501764,3.265214174752451e-05,1.122490169450097e-06,0.004357664226803941,-0.005714205259482016,-0.008390283108550034,condition,HighLife_L64_rho0.30,HighLife,64,0.3,25
1000,0.2461980853825193,0.2023603382700596,0.2941729578754489,-0.8083536899284262,-0.8919660869763042,-0.7249801364191518,-0.4961835198618747,-0.5423761042624264,-0.4498447901587558,181.51097095128853,0.0006967013126948363,3.960944901512665e-06,0.004469284589806999,-0.026395100164514504,-0.04300138106149776,condition,HighLife_L64_rho0.30,HighLife,64,0.3,50
1000,0.2384379643193253,0.19861676842671994,0.28838913134941974,-0.8390735445469785,-0.9375058389914578,-0.7472073199711297,-0.48830110005950766,-0.537016194898383,-0.4456643494959899,188.40892998675673,0.003322532820124402,1.1684363754232984e-06,0.004964979309226003,-0.05764141584073367,-0.09904828618304688,condition,HighLife_L64_rho0.30,HighLife,64,0.3,100
1000,0.21159593857553405,0.17310208754073994,0.2524191604218498,-0.8061909815604124,-0.8960825971656103,-0.7122509525496836,-0.45999558538700575,-0.5024119174848805,-0.41605490882114554,181.02534776350126,0.0006496339623723868,4.755610283890821e-06,0.0044893796277263465,0.025487917968568204,0.044670275667371064,condition,HighLife_L64_rho0.30,HighLife,64,0.3,200
1000,0.3394546458488905,0.29773880267207686,0.38370408492518365,-0.942784602660995,-1.0214460177883578,-0.8635202307475849,-0.5826273644868482,-0.6194383249957364,-0.5456543942950465,197.7641549617864,1.3221046309408457e-05,7.668144842765124e-07,0.003858383770439065,-0.0036360756743244642,-0.00588375412624594,condition,HighLife_L64_rho0.35,HighLife,64,0.35,1
1000,0.3267854297644852,0.27894004229419056,0.3743459307125035,-0.8505639228964331,-0.9192814058408927,-0.7674374667558607,-0.571651493275829,-0.611837571398984,-0.5281476234993131,178.41939185029315,3.6544903087021297e-06,1.622396197648035e-06,0.004838316049020117,0.0019116721237544144,0.002844389212655762,condition,HighLife_L64_rho0.35,HighLife,64,0.35,5
1000,0.2831016145059482,0.2408240787217008,0.3270734589040428,-0.786958789589973,-0.8598699861165879,-0.7090615872946395,-0.5320729409638758,-0.5719033498508292,-0.4907372944264749,165.07719745713024,0.0005775052144115778,1.9040527782981932e-06,0.005983846689686994,0.02403133817354785,0.03554338389586801,condition,HighLife_L64_rho0.35,HighLife,64,0.35,10
1000,0.2552446900654768,0.21334311659001526,0.30326990367528106,-0.8122651972835014,-0.8927690549406955,-0.7277461980074657,-0.5052174680921838,-0.5506993222873585,-0.4618904803870039,170.38562137337098,0.005803035806167256,2.3984991071035466e-07,0.005055016040114011,-0.07617765949520483,-0.12247490541474658,condition,HighLife_L64_rho0.35,HighLife,64,0.35,25
1000,0.21817852219988187,0.1762035665586636,0.25983707426480973,-0.8052484243184653,-0.9007906682923775,-0.7021552721808288,-0.4670958383457102,-0.5097403954777202,-0.41976499200167405,168.9137409755873,0.004441380550249452,8.891403976918346e-07,0.005375414461563262,0.06664368349850816,0.1148901718285777,condition,HighLife_L64_rho0.35,HighLife,64,0.35,50
1000,0.18056934977454964,0.14196524419427708,0.219659394464872,-0.7806761446785176,-0.882677837785061,-0.6827034844224015,-0.4249345241028901,-0.46867798074319417,-0.3767825835898847,163.75931216463397,0.0002758125667705613,6.222217435153388e-07,0.005574428564072718,0.01660760569048621,0.030510963095223845,condition,HighLife_L64_rho0.35,HighLife,64,0.35,100
1000,0.17940055975496882,0.140251533955189,0.2231439346251121,-0.8155215656799719,-0.9202657262535084,-0.7100645478173578,-0.42355703247020804,-0.47238091071925814,-0.37450170504152347,171.06869674642505,0.006357543735240556,7.496472223145205e-07,0.0040072187420627445,0.0797342068076215,0.15352115580462203,condition,HighLife_L64_rho0.35,HighLife,64,0.35,200
