condition_id,rule,L,rho,horizon,n,resid_R2_iso_embedded,delta_R2_iso_embedded,resid_R2_singleton_comp,delta_R2_singleton_comp,resid_R2_small_comp_2,delta_R2_small_comp_2,resid_R2_small_comp_3,delta_R2_small_comp_3,resid_R2_small_comp_4,delta_R2_small_comp_4,resid_R2_small_comp_le4,delta_R2_small_comp_le4,resid_R2_orth_deg0,delta_R2_orth_deg0,resid_R2_orth_deg0_diag0,delta_R2_orth_deg0_diag0,resid_R2_orth_deg0_diag_ge1,delta_R2_orth_deg0_diag_ge1,resid_R2_moore_deg0,delta_R2_moore_deg0,resid_R2_moore_deg1,delta_R2_moore_deg1,resid_R2_moore_deg2,delta_R2_moore_deg2,resid_R2_boundary_cell,delta_R2_boundary_cell,resid_R2_component_count_t0,delta_R2_component_count_t0,resid_R2_block_var,delta_R2_block_var,resid_R2_block_entropy,delta_R2_block_entropy
GoL_L128_rho0.20,GoL,128,0.2,1,1000,0.3370020532058866,0.3643611656612201,0.5233676209292732,0.5231881078806281,0.0006747605555594838,0.0006987424785114271,5.206808846192068e-06,5.358779934683255e-06,0.0078120230594463935,0.008588479259909909,0.4995661387065953,0.5403791476524309,0.5233676209292732,0.5231881078806281,0.03686485390048222,0.041960162283439684,0.3370020532058866,0.3643611656612201,0.03686485390048222,0.041960162283439684,0.028316962179818828,0.029194942165162052,0.00032388761723212145,0.0004854661543179928,5.42091172621717e-05,0.02469130329617719,0.45927899152754725,0.5654722212685172,0.016795455598024978,0.016878989354566998,0.003237182463771582,0.0032352866084938148
GoL_L128_rho0.20,GoL,128,0.2,5,1000,0.2103439898300098,0.2270725744656409,0.3973307125083496,0.3965867403131015,0.006990674159775723,0.007228056842014552,0.005178162730499314,0.005321144143157985,0.03119790845895587,0.03424626985957069,0.3872840807325164,0.41828305815036015,0.3973307125083496,0.3965867403131015,0.056281168844356966,0.06396211131323115,0.2103439898300098,0.2270725744656409,0.056281168844356966,0.06396211131323115,0.06273479261001846,0.06458095540100728,0.00635506189848678,0.009510852318185381,2.3568347272018286e-05,0.01071854530801608,0.36256919528853737,0.44571847717571145,0.013639145168040101,0.013686009668161025,0.005146293981593386,0.005135411072245466
GoL_L128_rho0.20,GoL,128,0.2,10,1000,0.18761060637061178,0.20322599080376091,0.33878912502639946,0.33931479848200163,0.008988708663429601,0.009325821314250193,0.0006191285514330902,0.0006384067161164797,0.02877991247857281,0.031700385971715095,0.35646165815427167,0.3863142584844338,0.33878912502639946,0.33931479848200163,0.041931612707445276,0.047817683646788844,0.18761060637061178,0.20322599080376091,0.041931612707445276,0.047817683646788844,0.06690227491341039,0.06910733898650012,0.00427589510827564,0.006421167253155113,2.4416783877989623e-05,0.011142495425898957,0.3274416539100816,0.4039158975028553,0.008386604141892517,0.008444289633822155,0.003092523872234132,0.003096570472940652
GoL_L128_rho0.20,GoL,128,0.2,25,1000,0.16217680263840428,0.17199921378816108,0.25654056002701975,0.2515621185219771,0.0062624883328434855,0.0063613981837113975,0.00014950889079135,0.00015093831583157247,0.011267754564323829,0.012151456179566034,0.2820277909796163,0.29925105209693126,0.25654056002701975,0.2515621185219771,0.019584482898323485,0.021866281915893793,0.16217680263840428,0.17199921378816108,0.019584482898323485,0.021866281915893793,0.06019775581331133,0.06088067393270924,0.002158665102441115,0.003173862259910454,1.0547966863616587e-05,0.004712795852342744,0.24998557905868724,0.3019171915183513,0.004555354319411675,0.0044907099403962425,0.0010189059375954601,0.0009988904613028593
GoL_L128_rho0.20,GoL,128,0.2,50,1000,0.09881639122337083,0.10159093518481543,0.20219305123309506,0.19219570227499994,0.007041579258243225,0.006933682702656707,0.0003034648731022882,0.0002969813306992197,0.00522747933124923,0.005464765264645899,0.24399442091649715,0.2509642828472106,0.20219305123309506,0.19219570227499994,0.03543333588494535,0.03834980111637776,0.09881639122337083,0.10159093518481543,0.03543333588494535,0.03834980111637776,0.03432583981362625,0.03365182042910875,0.0005612136026980075,0.0007998696795987748,1.4308945039842591e-05,0.0061973457664008524,0.21100388429063432,0.24703106907347694,0.006888972720583086,0.006583177242546756,0.003986889659858717,0.003788839690702206
GoL_L128_rho0.20,GoL,128,0.2,100,1000,0.1523645135537428,0.15692347093121795,0.21352600463464477,0.20333227844657398,0.009220435567325436,0.009095434200722341,0.0010809741559992814,0.0010597761451075494,0.0034821880493328683,0.003646779590120275,0.24865319405295971,0.25621477525999226,0.21352600463464477,0.20333227844657398,0.008774142959677045,0.009513359059073578,0.1523645135537428,0.15692347093121795,0.008774142959677045,0.009513359059073578,0.03358959145265972,0.0329890812251189,0.0012765110053821749,0.0018226098635216736,8.70210176573405e-06,0.0037757251851381346,0.2209902766827242,0.2591865140775076,0.005609760031987432,0.0053703609244353245,0.003754671288841327,0.003574555486798192
GoL_L128_rho0.20,GoL,128,0.2,200,1000,0.12355737479641293,0.12648448135032975,0.21621183253655574,0.2046442312880533,0.002898733005476828,0.002842135049223593,5.327587660552968e-05,5.191512796487441e-05,0.01027076458018028,0.010691153507502826,0.2284618327167498,0.23398514200376852,0.21621183253655574,0.2046442312880533,0.024165908148437998,0.026043347061999955,0.12355737479641293,0.12648448135032975,0.024165908148437998,0.026043347061999955,0.028727056135840146,0.028042783398325333,2.534524121999837e-05,3.5969141932934434e-05,5.8196792365183825e-06,0.0025098037457080835,0.20772462413076143,0.24215403644927225,0.015480187681562785,0.01472990371108085,0.007389991517560368,0.006992919951852583
GoL_L128_rho0.25,GoL,128,0.25,1,1000,0.3508345748555015,0.34032346593697427,0.3730914774084588,0.373056741098337,0.006059619247526293,0.005848427559085767,0.013807408559526224,0.013543959481498669,0.0066429592627187395,0.00655096434128577,0.5162494281275343,0.5038231313567202,0.3730914774084588,0.373056741098337,0.0031005788460797268,0.003672849697326952,0.3508345748555015,0.34032346593697427,0.0031005788460797268,0.003672849697326952,0.018787244795491098,0.018890442428017185,0.056181652271243165,0.06867159391118671,9.506850367635433e-05,0.018190176678001824,0.5156421249998695,0.5034793891200676,0.01387144196712875,0.013514585798239609,0.012552926374959639,0.012137207262264305
GoL_L128_rho0.25,GoL,128,0.25,5,1000,0.2505503025362531,0.24688600579433573,0.3260798826837241,0.3312040226221258,0.01615351295371059,0.015836995598940362,0.0002672753276903306,0.0002663203629269528,0.0004538173431345438,0.0004546076801099641,0.3923354612429113,0.38894493118680606,0.3260798826837241,0.3312040226221258,0.01933408129666192,0.023264619298143163,0.2505503025362531,0.24688600579433573,0.01933408129666192,0.023264619298143163,0.05456659302509426,0.055733704047364,0.002315106977607173,0.0028745225336280766,6.292329441792699e-05,0.012229923616593585,0.4157826634743964,0.41239341055702805,0.005346943524892178,0.0052917432040501255,0.0015521434289479386,0.0015244657462558653
GoL_L128_rho0.25,GoL,128,0.25,10,1000,0.2176425364797353,0.2164219641668772,0.28363882772022864,0.2907323053242802,0.022416162361875158,0.022178036238911236,0.0001778296361730769,0.00017881570393452062,0.0033924183896524296,0.0034294233593137324,0.3586919916309007,0.3588461130063537,0.28363882772022864,0.2907323053242802,0.01695302941054322,0.02058617871179147,0.2176425364797353,0.2164219641668772,0.01695302941054322,0.02058617871179147,0.04843538062663266,0.04992404878980328,0.0010796755169717454,0.0013528321643324626,1.948487630187845e-05,0.003821782422119502,0.38179130360008984,0.3821442995622575,0.0010562071081928748,0.001054868352416416,0.0002882342712093866,0.0002856850082386675
GoL_L128_rho0.25,GoL,128,0.25,25,1000,0.24329296786453447,0.24418844080842095,0.2768326772266094,0.2864065546899446,0.0281948500075635,0.028155912297355368,0.0003531854758312969,0.0003584613552296556,0.0017474621838877713,0.001783025150077,0.3700654310497984,0.37368277043510323,0.2768326772266094,0.2864065546899446,0.005732466020885063,0.007025996066765572,0.24329296786453447,0.24418844080842095,0.005732466020885063,0.007025996066765572,0.07823190150848858,0.08138960829419717,0.003271906668506741,0.004137991210921954,1.5150609236735946e-05,0.002999413850581778,0.3835552867012805,0.3874960831230051,0.0026055682989408746,0.0026265739266325694,7.799953173459606e-05,7.803183479104803e-05
GoL_L128_rho0.25,GoL,128,0.25,50,1000,0.17413408498557703,0.17462456633353407,0.21515985252784453,0.22240924970607,0.03125967104095573,0.031189630194222384,0.001517092752130078,0.0015384296702243283,0.0011492904256530379,0.001171670454219953,0.31314996133977724,0.31593877154326866,0.21515985252784453,0.22240924970607,0.009112049638334008,0.011158568837992822,0.17413408498557703,0.17462456633353407,0.009112049638334008,0.011158568837992822,0.05339295949327938,0.05550026703093802,0.003479986888925035,0.004397362531184057,2.1508152532545566e-05,0.0042543714952142375,0.3264255747064264,0.3294955305813453,0.010861412737305232,0.010939550849684232,0.002334396259167537,0.002333352801258126
GoL_L128_rho0.25,GoL,128,0.25,100,1000,0.17393992457844898,0.17429507067707473,0.22052824181243458,0.2277823646164867,0.014832698773048492,0.014788028335339765,1.3250859139612992e-05,1.3426840376862259e-05,0.00046136622644332714,0.0004699869122555267,0.27683130719052984,0.2790808526451929,0.22052824181243458,0.2277823646164867,0.011126629105194796,0.013615083417646057,0.17393992457844898,0.17429507067707473,0.011126629105194796,0.013615083417646057,0.044355861391624396,0.04607086553949191,0.004291610916213218,0.005418752062590015,8.007658442221732e-06,0.0015827128117005262,0.29133320268989393,0.2938458819413049,0.0049255094590631154,0.004957110573357126,0.002186500600668939,0.002183834416922603
GoL_L128_rho0.25,GoL,128,0.25,200,1000,0.16790878966325218,0.1675454265638363,0.22945031253053327,0.23600317989526187,0.0073884959734640265,0.007335326630422245,0.0006907926737188541,0.0006970289730725554,0.002313803285750593,0.002347143904788518,0.2707569316102775,0.27181144572081406,0.22945031253053327,0.23600317989526187,0.017738612191742442,0.021614721950073745,0.16790878966325218,0.1675454265638363,0.017738612191742442,0.021614721950073745,0.03162960109390467,0.032714658229235694,0.006385219064227288,0.00802838257237859,2.8653066712513997e-05,0.005639505276996859,0.28663621648853665,0.2878949237045121,0.006203044540872393,0.0062166392718289165,0.001218687061396384,0.0012120921107563465
GoL_L128_rho0.30,GoL,128,0.3,1,1000,0.40285586506102733,0.36978325619295027,0.37524258377290876,0.367634363949209,0.019635044095926535,0.018275893183287817,0.046966074614497644,0.043085676226137126,0.004719698407332107,0.004327640189041193,0.4970575337516694,0.4940542808167234,0.37524258377290876,0.367634363949209,0.00013927291085269466,0.00015430947144179363,0.40285586506102733,0.36978325619295027,0.00013927291085269466,0.00015430947144179363,0.0025870751659494706,0.0026614931218775784,0.13077329637220436,0.12498126291508516,0.0004579563749504967,0.029789271468451894,0.5462011927005059,0.5096811892134663,0.014981105951232698,0.013761827908188917,0.01409037555932291,0.013124641957108607
GoL_L128_rho0.30,GoL,128,0.3,5,1000,0.3377842691205888,0.32502391322218194,0.3514485801489411,0.36094756626461355,0.03788185277682443,0.036962069985621016,0.026860816140365062,0.025831296054906083,1.0941704332578794e-06,1.0517202002624515e-06,0.4553023720916609,0.47440172761889143,0.3514485801489411,0.36094756626461355,0.00553395650352384,0.006427469364494787,0.3377842691205888,0.32502391322218194,0.00553395650352384,0.006427469364494787,0.04246727943950257,0.04579827113975743,0.04626728413502612,0.04635303638406152,0.00028152658181967993,0.019197007010446576,0.49749524785966515,0.48664609282155813,0.011586396663823884,0.01115729671467447,0.012366438983259287,0.012075021085012017
GoL_L128_rho0.30,GoL,128,0.3,10,1000,0.286663190423019,0.28059576308952705,0.3005354678547062,0.31398676481143795,0.0388215683710772,0.03853287682486972,0.015449794495754565,0.015114124115329641,0.0007192851170768622,0.0007033145453066991,0.3961458212380503,0.4198892079680291,0.3005354678547062,0.31398676481143795,0.005281588110930935,0.006240251420716714,0.286663190423019,0.28059576308952705,0.005281588110930935,0.006240251420716714,0.030503989958590605,0.03346451828263497,0.04920067876105927,0.05014279744587402,0.0002686597017366177,0.018635881011271338,0.44154696598807364,0.4393741412730381,0.012648995642807748,0.012390816275721472,0.009262186570681563,0.00920004704318167
GoL_L128_rho0.30,GoL,128,0.3,25,1000,0.2544982304402156,0.25123748250582845,0.2692653395073751,0.2837177778991715,0.03501987217477187,0.035056084017373035,0.017693096010290454,0.01745639652358022,1.5776633907060855e-06,1.5557985409975217e-06,0.353241024642716,0.3776080604836889,0.2692653395073751,0.2837177778991715,0.0053572590187817015,0.006383673847736526,0.2544982304402156,0.25123748250582845,0.0053572590187817015,0.006383673847736526,0.031864800414962646,0.03525572241403918,0.04092616195607346,0.04206578237661507,0.00017835461567761168,0.01247734663951594,0.39388038578986684,0.39528690765185504,0.00887268304497768,0.008765755023385169,0.006198269530220846,0.0062092260051964665
GoL_L128_rho0.30,GoL,128,0.3,50,1000,0.23668854775381343,0.23311967646022924,0.2537866120046941,0.2667944709218242,0.01747873161983171,0.017456644962998147,0.019559720986859985,0.01925375496259063,0.00018954983065755382,0.00018649381510138507,0.3167065010173302,0.33777625738117145,0.2537866120046941,0.2667944709218242,0.005969335213435678,0.0070966932570742935,0.23668854775381343,0.23311967646022924,0.005969335213435678,0.0070966932570742935,0.032494803156760454,0.035870245305936965,0.039635071350552775,0.04064523297641276,0.00018929012182811178,0.01321197852356093,0.3670821784000713,0.36754743532150425,0.006734664252026401,0.006638230550821356,0.0059771740301642895,0.005973996059216113
GoL_L128_rho0.30,GoL,128,0.3,100,1000,0.2476575850687145,0.247678413376479,0.26249877638767094,0.2802013586035883,0.040452165616823965,0.04102300579262119,0.012622287116529796,0.012616116076981099,0.00032233208235010746,0.0003220174472978732,0.3511137529196984,0.38023738841998167,0.26249877638767094,0.2802013586035883,0.005346420147491426,0.006453985529853323,0.2476575850687145,0.247678413376479,0.005346420147491426,0.006453985529853323,0.037107207218645244,0.04159235795958116,0.05248635332455909,0.0546526480044639,0.0002444483124294239,0.01732454303611486,0.3966561044425959,0.4032729342149636,0.008730700925939305,0.008738166794405755,0.008240380270281733,0.008362788647495734
GoL_L128_rho0.30,GoL,128,0.3,200,1000,0.20752197593795219,0.20716880990286368,0.23095497560999423,0.24609003637466853,0.03344983983916694,0.03386128994288662,0.025834108706737302,0.025775367032918606,0.003434766359131425,0.0034252858768439864,0.3403936363285113,0.3679697892349755,0.23095497560999423,0.24609003637466853,0.008101485485897841,0.009762326197597204,0.20752197593795219,0.20716880990286368,0.008101485485897841,0.009762326197597204,0.041224966004634656,0.04612531371366624,0.04913027178728713,0.05106669248234674,0.0002765360142417128,0.019563664114767287,0.3796504472193143,0.3852943164858892,0.014745303190477066,0.014731557992265776,0.01904437084338051,0.019292755090249414
GoL_L128_rho0.35,GoL,128,0.35,1,1000,0.3573187636073034,0.32597255040316175,0.2930562266803346,0.3007394330900309,0.026592701661906304,0.024816050439605775,0.06942406823775549,0.06046275212073704,0.03692050594394247,0.0321724633110021,0.401944290322209,0.44824088937233764,0.2930562266803346,0.3007394330900309,0.007440214901231812,0.00791153016695434,0.3573187636073034,0.32597255040316175,0.007440214901231812,0.00791153016695434,0.00033460867207202316,0.00038984205194836363,0.14551390854332158,0.1267306184955228,0.001312520288276442,0.03473790531898302,0.46003832825011215,0.4722665864618383,0.007579507646326977,0.006567917230934306,0.009961668462784012,0.008687438420623916
GoL_L128_rho0.35,GoL,128,0.35,5,1000,0.3268221991286614,0.3089753565896367,0.2962428551311843,0.31504630786368204,0.036467405385373186,0.03526648315092262,0.03508262674638829,0.03166336307803397,0.012200838798368863,0.011017763502393585,0.36250753645235045,0.41893797926293885,0.2962428551311843,0.31504630786368204,0.00030798865824555044,0.00033938826272805755,0.3268221991286614,0.3089753565896367,0.00030798865824555044,0.00033938826272805755,0.028785736971817744,0.03475489101456264,0.04770781294683779,0.04305797907914455,0.00033511246895656654,0.009191264745580519,0.42658856015495406,0.4538261263958039,0.015003239532062174,0.013472829229931982,0.009887976120740438,0.008936226144465875
GoL_L128_rho0.35,GoL,128,0.35,10,1000,0.31813749381879775,0.29898692175930097,0.28872855788552965,0.30523989361145365,0.03014316678862783,0.028978186755999058,0.01965144945730135,0.01763130949327618,0.018093505830996892,0.016242449447313678,0.33699245325329397,0.3871487943148021,0.28872855788552965,0.30523989361145365,0.00027225738003611166,0.0002982406231561985,0.31813749381879775,0.29898692175930097,0.00027225738003611166,0.0002982406231561985,0.012539714057737905,0.01505051129003776,0.04891294418015568,0.04388468461579653,0.0005924325062260927,0.016152829549981984,0.389946015496449,0.4123916077355513,0.008729403526226531,0.007792617760600806,0.004647267758997264,0.0041751249733138485
GoL_L128_rho0.35,GoL,128,0.35,25,1000,0.29054789403089254,0.27440311540194384,0.2710500818798601,0.28796192235420337,0.038137174679966135,0.036843833914797286,0.02177897487972935,0.019636378001552157,0.008379687056261798,0.007559456434432565,0.32154129097214623,0.37121751270299785,0.2710500818798601,0.28796192235420337,2.6928841717621665e-06,2.964413486017392e-06,0.29054789403089254,0.27440311540194384,2.6928841717621665e-06,2.964413486017392e-06,0.014567959099368255,0.017570992906145277,0.03746688338405435,0.033780861023183895,0.000499956173682703,0.013698582686911043,0.37229223908968456,0.3956610362113565,0.009503741686405776,0.008525647989787721,0.00524301400639926,0.004733547847324826
GoL_L128_rho0.35,GoL,128,0.35,50,1000,0.2620002255116979,0.2504505372396173,0.23776340712009258,0.2556698599013463,0.025242872421044837,0.024683348152391482,0.021173509835144433,0.01932261057849194,0.009717516199198362,0.008872929655303174,0.2781140869042633,0.32498527908163466,0.23776340712009258,0.2556698599013463,0.00022551461665965,0.0002512724064749339,0.2620002255116979,0.2504505372396173,0.00022551461665965,0.0002512724064749339,0.02030875248578401,0.024793042975864932,0.032310181670623606,0.029485706812464874,0.00037350165282878933,0.010358222235601122,0.3323633773646192,0.3575209216907984,0.018457315682367414,0.01675908526762382,0.011987733337507578,0.010954481437286612
GoL_L128_rho0.35,GoL,128,0.35,100,1000,0.24276681687996593,0.23975269085124384,0.21716146030224015,0.24125211814669645,0.02784750497572941,0.028132313629040118,0.020743530096052676,0.01955732603527005,0.008533646969525077,0.008050081946385568,0.2610833117330993,0.3151909060181355,0.21716146030224015,0.24125211814669645,0.0005146789736104607,0.0005924618538838411,0.24276681687996593,0.23975269085124384,0.0005146789736104607,0.0005924618538838411,0.0144601307042872,0.01823780923780627,0.03729073812318373,0.03515822866292584,0.0004904661267772781,0.014052564236115783,0.3139573085531653,0.34890947141227624,0.007618961099899457,0.007147125206098837,0.009729471612948903,0.00918539567811294
GoL_L128_rho0.35,GoL,128,0.35,200,1000,0.2604659258174915,0.2564672087586548,0.2277256343154631,0.2522359962478302,0.032104203480810334,0.03233611358541677,0.010378605936944618,0.009756018042318293,0.01623821981037754,0.015272523672597016,0.2702732237672324,0.325315195491924,0.2277256343154631,0.2522359962478302,0.0013632915687007419,0.0015646581907620138,0.2604659258174915,0.2564672087586548,0.0013632915687007419,0.0015646581907620138,0.019482259612899955,0.024498897387159935,0.04157046546795362,0.03907667979007601,0.00046594722404402766,0.01331036763926896,0.3339891099267953,0.37006774181227275,0.01342005591619988,0.01255153153612698,0.011099136775774343,0.010447312348233595
GoL_L64_rho0.20,GoL,64,0.2,1,1000,0.30030880209946087,0.3156674582027612,0.4848169804017243,0.47844112613442413,0.0001460822176670984,0.00014810441919865802,0.0005794035194649494,0.0006165647236607841,0.007007540047720973,0.007305011171403142,0.4873456043143991,0.4980487705368368,0.4848169804017243,0.47844112613442413,0.03989279940825141,0.04753727128440144,0.30030880209946087,0.3156674582027612,0.03989279940825141,0.04753727128440144,0.01664667209412285,0.01665325721622235,0.001160777708253402,0.00196996012136863,2.993344517554508e-05,0.014349490608487891,0.4600105608590259,0.5261327940412,0.006210719470336357,0.006259488229955257,0.0008124403370489697,0.0008006131576407949
GoL_L64_rho0.20,GoL,64,0.2,5,1000,0.21644737485586896,0.22662182916109952,0.38600237527268977,0.37942708104090106,0.012381805261242995,0.012503808087868107,0.009163134945535667,0.009712461109756099,0.02193864856289507,0.022779953500958183,0.3958332299313091,0.402934760894444,0.38600237527268977,0.37942708104090106,0.044373383768756325,0.052668378693930595,0.21644737485586896,0.22662182916109952,0.044373383768756325,0.052668378693930595,0.06379280297539802,0.06356691222692712,0.00793943543807929,0.013421024306691676,1.130918182301599e-05,0.005400060583820587,0.37780075869499974,0.430405747239925,0.00034624947576844534,0.0003475951471245686,0.00044838755783394024,0.00044012137854243516
GoL_L64_rho0.20,GoL,64,0.2,10,1000,0.19130492208549754,0.20406876178742872,0.3514009255021542,0.3519185958757388,0.0059866165564052,0.006159433065422659,0.006499690166844707,0.007019058025623526,0.016314765182388946,0.017259362762501618,0.3514106423508879,0.36445034233169704,0.3514009255021542,0.3519185958757388,0.044051580668653445,0.05327087933814201,0.19130492208549754,0.20406876178742872,0.044051580668653445,0.05327087933814201,0.05757349895368569,0.05844979907181225,0.006667376197419417,0.011482910219518527,2.002053652905289e-05,0.009739667373409588,0.3355955499068488,0.38952236375155436,0.008585594474374125,0.008781241455226296,0.008881153059090208,0.00888155958875747
GoL_L64_rho0.20,GoL,64,0.2,25,1000,0.1722043432058178,0.18295346731360373,0.27804529540622747,0.277332665001758,0.005862227409538123,0.006007145042380424,0.0026407158965344735,0.0028402333093757726,0.01611361621820262,0.01697786609669849,0.28636889774879315,0.29579815393942577,0.27804529540622747,0.277332665001758,0.02289092950991445,0.02757007553257862,0.1722043432058178,0.18295346731360373,0.02289092950991445,0.02757007553257862,0.03994480633688158,0.04038935123371701,0.0026126952813581017,0.004481587999756287,1.1335663506306659e-05,0.005492391894854398,0.27377929484859853,0.3164921648023268,0.0021313310628425786,0.0021711139646958255,0.0012568361825625596,0.0012518281482721827
GoL_L64_rho0.20,GoL,64,0.2,50,1000,0.1361460643903578,0.1412195677087661,0.22662509378694606,0.2206920622520946,0.005583670285354891,0.005586225513190213,1.6567402572387202e-05,1.7397225955617657e-05,0.008709711420346267,0.00895956854199298,0.2596602431301287,0.26185948716770147,0.22662509378694606,0.2206920622520946,0.02083120763090751,0.024495269266001984,0.1361460643903578,0.1412195677087661,0.02083120763090751,0.024495269266001984,0.05271376821861795,0.05203839127181553,0.0007547143167742076,0.0012639182897975498,1.2127380704218815e-05,0.0057368675790575585,0.2376866766349245,0.2682627936230815,0.004906191833081941,0.004879434287447748,0.004954996617514973,0.004818397694901444
GoL_L64_rho0.20,GoL,64,0.2,100,1000,0.15842936855161427,0.1647535822534989,0.2405860180276852,0.23488673393449044,0.007468828329082022,0.007491358224079536,0.00405679979870488,0.004270891550834377,0.018030759684597775,0.018595452225663944,0.24576307549462972,0.24847853375335494,0.2405860180276852,0.23488673393449044,0.015454270661227953,0.0182190477092683,0.15842936855161427,0.1647535822534989,0.015454270661227953,0.0182190477092683,0.046064734336855984,0.045590857346987645,0.001487491230789617,0.0024974696134344443,6.585163035421893e-06,0.0031230844990761675,0.23613830382270484,0.26719691087609676,0.0024795845605691813,0.002472368836577421,0.002758486566295515,0.0026893017980977874
GoL_L64_rho0.20,GoL,64,0.2,200,1000,0.15154825018353035,0.1560285536000937,0.23105561374566763,0.22333593693435083,0.009817192152485443,0.009748759584560007,0.0019284557683239,0.0020100119119100812,0.037309390299174905,0.038094725861967826,0.23423331545995973,0.23446330874453625,0.23105561374566763,0.22333593693435083,0.015101683150362866,0.017626110741357004,0.15154825018353035,0.1560285536000937,0.015101683150362866,0.017626110741357004,0.03825409278844072,0.03748358117932926,0.0002856612283843596,0.00047484413635690004,1.89536439287874e-06,0.0008899465051319666,0.22925730830575974,0.25682787820172426,0.005812172068567323,0.005737553942354534,0.0033019243074692284,0.0031870565065892364
GoL_L64_rho0.25,GoL,64,0.25,1,1000,0.35229718209517313,0.34601474506690644,0.404040013871636,0.3992941041506375,0.007376485412026734,0.007146541383000082,0.021833761043473676,0.02123664424454219,0.002000019253040386,0.001993444349139617,0.5332236972854394,0.519368989239559,0.404040013871636,0.3992941041506375,0.0060695301575312,0.0071907949858797116,0.35229718209517313,0.34601474506690644,0.0060695301575312,0.0071907949858797116,0.01900143386705755,0.01868222988645063,0.059242615389469955,0.06785167324210939,0.00012965901461980955,0.021665188022484183,0.535701386675188,0.5268745878202219,0.009164994950043304,0.00903629338876788,0.004793071022994977,0.004680018247212092
GoL_L64_rho0.25,GoL,64,0.25,5,1000,0.2709984543681533,0.2716809521123653,0.3886293591548907,0.3920225655787487,0.00996451023671352,0.009853926590512874,0.005254838354861957,0.005217033673963201,0.0023908921070510125,0.0024324104346256092,0.45285699349244024,0.4502301680820161,0.3886293591548907,0.3920225655787487,0.031749378706332654,0.038394056911660535,0.2709984543681533,0.2716809521123653,0.031749378706332654,0.038394056911660535,0.05584547103431359,0.05604504672823152,0.0030870839842921383,0.0036089571314362745,3.45475955734198e-05,0.005892295416471294,0.4673953099712358,0.469219196778356,0.006562495109585398,0.006604409991162852,0.005387173756378205,0.00536910139053981
GoL_L64_rho0.25,GoL,64,0.25,10,1000,0.2724371440847957,0.27538830168295336,0.34844870344358714,0.35440603209949295,0.012767681311397605,0.012730697268920288,4.7584359202823556e-05,4.763380737804468e-05,0.003986494726445855,0.004089355488613333,0.38369673916036473,0.38463465722112633,0.34844870344358714,0.35440603209949295,0.014573189093933459,0.01776929368872937,0.2724371440847957,0.27538830168295336,0.014573189093933459,0.01776929368872937,0.0694552707978916,0.0702815414718635,0.0006651608868177838,0.0007840554437289482,2.594814984213656e-06,0.00044623114089326066,0.40812038890118496,0.4131107586570558,5.40016870739235e-05,5.47972990798673e-05,1.53706721706115e-06,1.5446150919418145e-06
GoL_L64_rho0.25,GoL,64,0.25,25,1000,0.22601472490938246,0.22818928278190798,0.2945731661662102,0.2992504244341252,0.01230185850039689,0.012251527084285119,0.00042433438952571567,0.00042426640192794185,0.0025289255049618653,0.0025910694162663006,0.33665768885521263,0.33707627262863427,0.2945731661662102,0.2992504244341252,0.014027592770455843,0.01708354731920525,0.22601472490938246,0.22818928278190798,0.014027592770455843,0.01708354731920525,0.06343612866602255,0.06411388305874499,0.0021232782551144913,0.002499806097368662,4.588422464424369e-05,0.007881270165908894,0.35342454721879024,0.357317481317763,0.004572655705867179,0.004634465654073883,0.0010276621292297783,0.0010314712004209081
GoL_L64_rho0.25,GoL,64,0.25,50,1000,0.20620975500455196,0.20815992401141903,0.2676505723674997,0.27185615760900894,0.00993668597375208,0.009894422879210163,0.004648531081052565,0.004647030850067568,0.0038466681460858076,0.003940552684906673,0.3180648340011988,0.3184085388821969,0.2676505723674997,0.27185615760900894,0.012397404313845395,0.015095763243953897,0.20620975500455196,0.20815992401141903,0.012397404313845395,0.015095763243953897,0.04456410594949323,0.04503291013603361,0.006441836996222583,0.007582956204896241,1.8632929759565542e-05,0.003199951309467264,0.33496868825062165,0.33860328864922684,0.008360577146120374,0.00847221228778039,0.007306870391345588,0.0073327615659875
GoL_L64_rho0.25,GoL,64,0.25,100,1000,0.1944131889673254,0.19589188133962754,0.24245810770820886,0.24581620405891547,0.010271055472843904,0.010208613841135361,0.007744820514859474,0.007728122058697329,4.000218709276915e-05,4.09033570021311e-05,0.3162107346613391,0.31597189778563095,0.24245810770820886,0.24581620405891547,0.0083822693467559,0.010187994961435076,0.1944131889673254,0.19589188133962754,0.0083822693467559,0.010187994961435076,0.03583638322679927,0.03614696061263378,0.013197562757480852,0.01550691302549101,5.0290946088438204e-05,0.008620944075753867,0.32324413958702314,0.32615227927176615,0.006973213015057156,0.007053364074968926,0.0020673376451100234,0.002070858244495599
GoL_L64_rho0.25,GoL,64,0.25,200,1000,0.18320345928391668,0.18506143076076864,0.23334213868755382,0.23716931714185496,0.013633049806877073,0.013584268444034042,0.016109044837683717,0.016114763570481805,0.00025137746549341866,0.0002576873454251949,0.32757970594115704,0.3281560161551843,0.23334213868755382,0.23716931714185496,0.009469640060638107,0.011538573318885526,0.18320345928391668,0.18506143076076864,0.009469640060638107,0.011538573318885526,0.0527561116036841,0.05334723619852377,0.01276784489596472,0.0150397544578601,6.695004066659127e-05,0.011505550413933197,0.32531604384715085,0.32906884945544446,0.007250431853598305,0.007352224790846629,0.004279524182285055,0.004297599848501865
GoL_L64_rho0.30,GoL,64,0.3,1,1000,0.39993819905464667,0.36913128588679955,0.3777204949315808,0.37160785706231414,0.019038952340160953,0.018272457066925263,0.0323219622950649,0.029809734562753265,0.019695021118403933,0.018187424997826995,0.5139192158693191,0.5228650571311029,0.3777204949315808,0.37160785706231414,0.0005170401786254164,0.0006008397385673936,0.39993819905464667,0.36913128588679955,0.0005170401786254164,0.0006008397385673936,0.0076779202891125164,0.008102888428876076,0.10302423916354497,0.09741892385359519,0.0004637022938674962,0.033681426173195694,0.5664895067393153,0.5362487140610035,0.015370265424994423,0.014336709358002353,0.005144387103645953,0.004942291871098625
GoL_L64_rho0.30,GoL,64,0.3,5,1000,0.3164324403955393,0.3037129898153933,0.31722013538087346,0.3245409338389542,0.042253887887331754,0.0421711045853832,0.01008023789953938,0.009667753508149302,0.0002826941133384775,0.00027147255298487494,0.4128466680424828,0.436795287154233,0.31722013538087346,0.3245409338389542,0.0029041362848803987,0.003509504034936106,0.3164324403955393,0.3037129898153933,0.0029041362848803987,0.003509504034936106,0.039365195963102506,0.04320192267404854,0.014631542917168616,0.014387602640888342,0.00012553824181338324,0.009482474156863985,0.46118277522554596,0.4539853828946414,0.0023303549542322832,0.00226039630185515,0.0008628293238348572,0.0008620134508394717
GoL_L64_rho0.30,GoL,64,0.3,10,1000,0.3323156243761012,0.325682302414122,0.3229473370549839,0.33736612702545465,0.043066837136737535,0.043888658989972185,0.008568659392108713,0.008391289397523205,0.0004491357320112188,0.00044040049870730513,0.418072032610181,0.45164926539342687,0.3229473370549839,0.33736612702545465,0.001377798286241072,0.001700103751078541,0.3323156243761012,0.325682302414122,0.001377798286241072,0.001700103751078541,0.05082625123206208,0.056956037677660554,0.01761339494934444,0.01768489213118818,0.00016285832528095678,0.012560780390972637,0.46146601113771313,0.4638414363264973,0.004690627234218203,0.004645735332316825,0.003484578808587213,0.0035546796634372546
GoL_L64_rho0.30,GoL,64,0.3,25,1000,0.2611152438647063,0.2560722827105556,0.27234724234346297,0.28469490659545094,0.03234878345279357,0.03298786689389377,0.008727646578839288,0.008552634612771892,0.0005322333374662147,0.0005222268725963986,0.35116739906518046,0.3796219632239848,0.27234724234346297,0.28469490659545094,0.004869714544873505,0.006012848163703954,0.2611152438647063,0.2560722827105556,0.004869714544873505,0.006012848163703954,0.03862037897970505,0.04330670768564682,0.023332933857278748,0.02344313233715367,0.00020459794813276755,0.015790463553846834,0.3927231992936141,0.39500566894535805,0.010595159913931451,0.01050069410129073,0.006187857999849444,0.0063165140260811325
GoL_L64_rho0.30,GoL,64,0.3,50,1000,0.23563765808759451,0.2331089621860195,0.23991035380742787,0.2529820066929772,0.024886803099333776,0.02560055138680073,0.00895254442127602,0.008849794341431516,9.545346784389785e-05,9.447845434917834e-05,0.30281706851848833,0.3302185130130413,0.23991035380742787,0.2529820066929772,0.0029364031495162646,0.003657432678013328,0.23563765808759451,0.2331089621860195,0.0029364031495162646,0.003657432678013328,0.02788846822327007,0.03154621256482726,0.03109206578682988,0.03151227762089537,0.00035341245815967426,0.02751435821554038,0.3491653863438695,0.3542679649725894,0.0121380036832891,0.012135053150413744,0.005407732028128054,0.005568474245819521
GoL_L64_rho0.30,GoL,64,0.3,100,1000,0.2323541195681056,0.23081252094228033,0.23612418921380607,0.25002062480355947,0.03296336538468392,0.034049165040113794,0.0014159726860678568,0.0014055175869612802,0.0006874610478287968,0.0006832566682219987,0.2802298400917893,0.3068528491343624,0.23612418921380607,0.25002062480355947,0.002796573943021241,0.0034976929446528526,0.2323541195681056,0.23081252094228033,0.002796573943021241,0.0034976929446528526,0.0354443028096838,0.040259068009091514,0.013427493939829782,0.013665322817749015,0.00027296431403478483,0.021339199331047443,0.32922442671728747,0.3354188478222744,0.009724466700357426,0.009762362408141323,0.00909291015174285,0.009401965798856216
GoL_L64_rho0.30,GoL,64,0.3,200,1000,0.22259643207085877,0.2199929794178056,0.2042559179862733,0.21517491488814677,0.024868345566535943,0.02555662207213738,0.008446173167095838,0.008341094173908159,0.0022348595111081337,0.002209874678769541,0.2755206571788107,0.30015914649343767,0.2042559179862733,0.21517491488814677,1.306014282520529e-05,1.6251181307769258e-05,0.22259643207085877,0.2199929794178056,1.306014282520529e-05,1.6251181307769258e-05,0.036049105889774946,0.04073740973975937,0.02307649856022942,0.023365575307952025,0.00032355567710828925,0.025165346021460144,0.312658932697927,0.31691871675398875,0.01782137652858551,0.01779967257304771,0.01335384126086836,0.013737370507924118
GoL_L64_rho0.35,GoL,64,0.35,1,1000,0.37982540457350233,0.33549190152281505,0.31069480548987827,0.30248432779036916,0.031120204078728175,0.02844477755354058,0.05053498485200292,0.04501567044619148,0.025231783269669128,0.021823595461716416,0.42742740755259057,0.45925943206560293,0.31069480548987827,0.30248432779036916,0.0053166986329910015,0.0056930281469720345,0.37982540457350233,0.33549190152281505,0.0053166986329910015,0.0056930281469720345,0.006540433923424294,0.007589220580775158,0.11364313989134944,0.09930019547030078,0.00066020740147954,0.018754440603669376,0.4805296437854415,0.4751709042214256,0.013490143590527026,0.011657376432521294,0.006198934010769763,0.005418893941439462
GoL_L64_rho0.35,GoL,64,0.35,5,1000,0.3061290369858872,0.2891660133087417,0.29569421564290765,0.30786222570989574,0.05721800844014835,0.055929061656822654,0.018686330723052813,0.017800832106095288,0.007190350136784263,0.006650787719676199,0.38461176604557934,0.44193965670261737,0.29569421564290765,0.30786222570989574,0.001063168058687558,0.001217440927700486,0.3061290369858872,0.2891660133087417,0.001063168058687558,0.001217440927700486,0.02293111649716617,0.028455125419937,0.045556081778898916,0.04256943959097814,0.0005089966810830626,0.015462630096287011,0.4341791870949725,0.45913811501525703,0.011423140252262431,0.010556366199931166,0.005862622987246158,0.005480627613871025
GoL_L64_rho0.35,GoL,64,0.35,10,1000,0.30767475366703,0.2943900634925041,0.2854332884580958,0.301027907927639,0.03740335157398522,0.03703427768006318,0.018579074037605836,0.017927878568264277,0.007260258183038548,0.006802423644898359,0.3515123280171688,0.40913773103666906,0.2854332884580958,0.301027907927639,6.502580053147078e-05,7.542585611264307e-05,0.30767475366703,0.2943900634925041,6.502580053147078e-05,7.542585611264307e-05,0.03288021234745142,0.041329341013544796,0.03823303508550302,0.036189193765584715,0.0005771114773295283,0.017758925733141973,0.41645951559818606,0.4461035701015057,0.014491729516326712,0.013565559837288799,0.008986080728362933,0.008509366072036118
GoL_L64_rho0.35,GoL,64,0.35,25,1000,0.2535205027655689,0.24047635774947418,0.24098225575149435,0.2519504956429409,0.04513615525317727,0.04430430560420329,0.012662191346644258,0.012112721196890885,0.001032732554827387,0.0009592404641183272,0.2947107674754441,0.3400579929146551,0.24098225575149435,0.2519504956429409,0.0004298751784813648,0.0004943162895404418,0.2535205027655689,0.24047635774947418,0.0004298751784813648,0.0004943162895404418,0.03321430151325511,0.041388244225144644,0.02693453905272636,0.025274215982721393,0.000206170393754479,0.006289430064310375,0.3647960654929179,0.38738345405648567,0.00927253076467982,0.008604859769785644,0.0032710871711285616,0.0030707681089603422
GoL_L64_rho0.35,GoL,64,0.35,50,1000,0.2067270139905688,0.2000087353950536,0.20361763746608996,0.21713907332044913,0.029404079196840405,0.029438887202123953,0.012502351878632467,0.01219879691017589,0.001023893851439639,0.0009700340795882889,0.24241744768504292,0.2853075684308617,0.20361763746608996,0.21713907332044913,0.001347498071143871,0.0015804586567282897,0.2067270139905688,0.2000087353950536,0.001347498071143871,0.0015804586567282897,0.016928410683007766,0.021515948695693843,0.02629431457827036,0.025166477560122802,0.0006524381727690542,0.020300969978959693,0.2977440369611749,0.32249755639293154,0.01278422367662757,0.012100750572370367,0.00493274611133343,0.004723197446387273
GoL_L64_rho0.35,GoL,64,0.35,100,1000,0.18468031907469573,0.17807817293703987,0.18303974806067513,0.19453884719976589,0.029600387770448267,0.029535855107389652,0.009968049190769657,0.009693347860260881,0.0007986664892466466,0.0007541120188339079,0.2192426776255566,0.2571655904810862,0.18303974806067513,0.19453884719976589,0.001421728652945764,0.001661919739522344,0.18468031907469573,0.17807817293703987,0.001421728652945764,0.001661919739522344,0.0126945728875284,0.01608054448381835,0.018316827782104417,0.01747226403344293,0.0003343441378756973,0.010368346009981377,0.26740531556588143,0.2886634079462571,0.021510665255543238,0.020292246681109294,0.010341123407736519,0.00986855126935815
GoL_L64_rho0.35,GoL,64,0.35,200,1000,0.19872485981998145,0.19323241968898086,0.19589373785721675,0.20995160533554114,0.037979791997947876,0.038215755373427696,0.017335015562009226,0.016999086336216496,0.002551529569477018,0.002429454241697493,0.25662741120405996,0.30354880087432323,0.19589373785721675,0.20995160533554114,0.0013245414737029781,0.001561336848336481,0.19872485981998145,0.19323241968898086,0.0013245414737029781,0.001561336848336481,0.014737098024328099,0.018824885635676525,0.03707931809720311,0.035667147555339285,0.00041252799209223756,0.012900510892455697,0.30195648366836725,0.3287030816994708,0.010418175308809619,0.009910730582969207,0.006748796526255929,0.006494559998325045
HighLife_L128_rho0.20,HighLife,128,0.2,1,1000,0.3531388846668243,0.37987262880654504,0.520463291826486,0.5186449045282147,0.0010284175465317125,0.0010483044675879682,0.0014116702582974705,0.0014841972996143538,0.015128237607464401,0.016290202830647194,0.5016194856133958,0.5339997294865264,0.520463291826486,0.5186449045282147,0.03176789715073913,0.0365138325437403,0.3531388846668243,0.37987262880654504,0.03176789715073913,0.0365138325437403,0.01844006732988257,0.018655415493067373,0.002186772605841103,0.0036154928265993425,3.245455611222692e-05,0.015309789994296441,0.46690535933675226,0.5614185712722763,0.015592917513300941,0.015659174819774524,0.00537844037664803,0.005359449831550567
HighLife_L128_rho0.20,HighLife,128,0.2,5,1000,0.20703643186724763,0.2198471756912862,0.35676694435503686,0.35095083116657744,0.004634109510640694,0.004663005274364473,0.010881432570758243,0.011293436198421491,0.01674766185032306,0.0178022130248785,0.3659315760241094,0.38454589525981697,0.35676694435503686,0.35095083116657744,0.040186889792392266,0.04559686697126564,0.20703643186724763,0.2198471756912862,0.040186889792392266,0.04559686697126564,0.07102735330213772,0.07093322583740092,0.00874981095156957,0.01428052600751284,1.8675003211621188e-06,0.00086963277734875,0.33869726323320337,0.4020233317125047,0.008689513592932907,0.008614272647647803,0.006792369696653644,0.006681389995583098
HighLife_L128_rho0.20,HighLife,128,0.2,10,1000,0.18432816450272427,0.19886605781184563,0.3165553171097307,0.3163778926292613,0.003908140280796002,0.00399543995142726,0.013134636046331027,0.013850100360653705,0.010347533642665163,0.011175102283501603,0.32279922238165293,0.34464788948524727,0.3165553171097307,0.3163778926292613,0.03526375661602554,0.04065126193304258,0.18432816450272427,0.19886605781184563,0.03526375661602554,0.04065126193304258,0.06914631900791524,0.07015974373956613,0.010211242369532303,0.01693241752729424,5.922315266859712e-06,0.0028019577841209564,0.2967536109451898,0.3578742351713984,0.008818437138414792,0.008881976495386468,0.005595907672438893,0.005592563150335184
HighLife_L128_rho0.20,HighLife,128,0.2,25,1000,0.14933416221404539,0.16108347652527077,0.24979443705476168,0.24961008988149658,0.006602226229636687,0.00674850732295873,0.008120611031339209,0.008561432637915867,0.003924029577270893,0.00423711049845199,0.2810737484391018,0.3000449261256094,0.24979443705476168,0.24961008988149658,0.025467867115201437,0.029353567412004233,0.14933416221404539,0.16108347652527077,0.025467867115201437,0.029353567412004233,0.0626476554719414,0.06355454432383811,0.004090813928319115,0.006782237103689637,1.4347281508619858e-05,0.006786760798890401,0.25391148663424346,0.306153780725129,0.006486359600890834,0.006531935329415539,0.005956331110741231,0.005951713900796629
HighLife_L128_rho0.20,HighLife,128,0.2,50,1000,0.1120731872418732,0.11927100800873713,0.21187155139829605,0.2088783188615495,0.004888222324069047,0.0049295765430256155,0.0018830664413308495,0.00195868555943457,0.007983905918017009,0.00850539075711687,0.2418915816459607,0.2547581569290607,0.21187155139829605,0.2088783188615495,0.03139299825837727,0.035697882272508474,0.1120731872418732,0.11927100800873713,0.03139299825837727,0.035697882272508474,0.03704511093765106,0.03707780609029232,0.0010572494292047097,0.0017293465997026969,1.8304220266607274e-05,0.008542510056400943,0.21946003461528318,0.26106825394153,0.005105099658144763,0.005072083810564232,0.004237210933438984,0.004177193957984882
HighLife_L128_rho0.20,HighLife,128,0.2,100,1000,0.12350510260732817,0.12839394429780904,0.1952076426396806,0.1879940079128487,0.002207027856771626,0.0021741672638176945,0.002573995746796953,0.0026153714337069367,0.006655256139000976,0.0069258025857701355,0.21048338355271157,0.21654673187189744,0.1952076426396806,0.1879940079128487,0.016138234210445357,0.01792636125711755,0.12350510260732817,0.12839394429780904,0.016138234210445357,0.01792636125711755,0.03131756987422929,0.030619469175779734,8.200857057472088e-05,0.00013103590131569032,4.089145526853244e-06,0.001864203441577672,0.1934737548885479,0.2248263214933942,0.0053482129011310775,0.005190597546953946,0.0024628232040624365,0.002371724647304063
HighLife_L128_rho0.20,HighLife,128,0.2,200,1000,0.11927139429295242,0.12537467967357396,0.17554172433786275,0.1709391146988689,0.0004701915200249207,0.000468353564805013,0.0012442913500056996,0.0012783846087230932,0.012098782526561824,0.012730952689604447,0.17539351584791807,0.18245730314812914,0.17554172433786275,0.1709391146988689,0.0106441263928585,0.011955288297424871,0.11927139429295242,0.12537467967357396,0.0106441263928585,0.011955288297424871,0.023464526416934306,0.023197185529782005,7.73661241065815e-05,0.00012499590882242284,9.8211036074769e-06,0.004527254734631669,0.16628294968129143,0.1953829733916248,0.004667311183432554,0.004580251522326773,0.0038527770312803966,0.0037516196903861765
HighLife_L128_rho0.25,HighLife,128,0.25,1,1000,0.3860470319965027,0.3750186009552946,0.43575303099620377,0.43882079306565114,0.0021982830975262324,0.0021267278254882838,0.011692984495981662,0.011626372110220107,5.1195600443865175e-05,5.1382192208904165e-05,0.5185492442180235,0.5052541844884727,0.43575303099620377,0.43882079306565114,0.007485076447354633,0.008878411118648288,0.3860470319965027,0.3750186009552946,0.007485076447354633,0.008878411118648288,0.011757490792361769,0.011736330180946553,0.06045606071600351,0.0749511935594952,0.0001846218794079313,0.03371542418079332,0.5398633714233663,0.5283055201358628,0.008149195301656809,0.007969272397821303,0.005407601873086643,0.005256261091005299
HighLife_L128_rho0.25,HighLife,128,0.25,5,1000,0.27152900849485295,0.26193677797619586,0.3336043951822233,0.33361548532812746,0.026650016975710566,0.025603152233648396,0.0012371693393171679,0.0012215623790919894,0.0008044982948655077,0.0008018124072463051,0.43570205404379825,0.4215772597293398,0.3336043951822233,0.33361548532812746,0.012542091066561234,0.014773269372339803,0.27152900849485295,0.26193677797619586,0.012542091066561234,0.014773269372339803,0.045242410785098275,0.044846759365736344,0.020613610508999347,0.02537817743548043,0.0001192134787405541,0.02161914315939828,0.4439948361387315,0.4314662806301206,0.0013615296267248667,0.0013222047024461503,0.000826601161341034,0.0007978768909122635
HighLife_L128_rho0.25,HighLife,128,0.25,10,1000,0.2915245758233137,0.2883288106418582,0.3246271246388831,0.3328372026759757,0.01986947952254281,0.019571092094819553,0.00010579211498851215,0.00010709579558998428,0.0012235637330505478,0.0012502787826590422,0.38802254707731176,0.38492591650625496,0.3246271246388831,0.3328372026759757,0.004733973512794809,0.005716959448397785,0.2915245758233137,0.2883288106418582,0.004733973512794809,0.005716959448397785,0.05655178458720711,0.057473052394853674,0.007061267507511904,0.008912953674471424,6.745998090007532e-05,0.0125427264650666,0.4062633824367926,0.4047708632463598,0.006210661593949229,0.0061836099683472145,0.004821174303978326,0.004771174820883184
HighLife_L128_rho0.25,HighLife,128,0.25,25,1000,0.21301987116808818,0.21337900955908196,0.26722543803199017,0.2774875898128393,0.025167610563275322,0.025106678632856316,9.306214463367102e-05,9.541373294241762e-05,0.005691062294537752,0.005889688333213794,0.331309931883666,0.3328690023516613,0.26722543803199017,0.2774875898128393,0.01166435340000227,0.014266540251486548,0.21301987116808818,0.21337900955908196,0.01166435340000227,0.014266540251486548,0.027348027188858426,0.028148979878393487,0.011411882331148315,0.01458864574739771,1.8530440793695924e-05,0.0034893954976753516,0.3362349295728403,0.3392837813323909,0.004766995778675898,0.004806928902901242,0.0015510490656239773,0.0015545931221148113
HighLife_L128_rho0.25,HighLife,128,0.25,50,1000,0.20358730675533665,0.20405839849714424,0.24646051052845475,0.2560856897012981,0.006935012590065792,0.0069225600504247975,0.00247062861268299,0.002534647076933627,0.0021846029024757962,0.0022622660603170974,0.2915595099417797,0.2931151798446856,0.24646051052845475,0.2560856897012981,0.008265593340297528,0.010115893091735328,0.20358730675533665,0.20405839849714424,0.008265593340297528,0.010115893091735328,0.02572372250545485,0.026493703585757422,0.0083631318949412,0.010697907518148364,4.43093165511943e-05,0.008348946861632567,0.30026724847525177,0.3031799211024361,0.009264806611755327,0.009348275210173784,0.003796465492685086,0.0038075258611269813
HighLife_L128_rho0.25,HighLife,128,0.25,100,1000,0.14164793526754127,0.14223253897915866,0.21289244080754333,0.22160683201692988,0.006936591990848839,0.006936662515170333,0.0005993722378995203,0.000616015430456418,0.0006204196618325719,0.0006436379811008974,0.2475630322011726,0.24933418671192298,0.21289244080754333,0.22160683201692988,0.023610518757107735,0.028948139921611715,0.14164793526754127,0.14223253897915866,0.023610518757107735,0.028948139921611715,0.010481339985900284,0.0108146035445571,0.011386266294938996,0.014591373258934448,5.3497319091988516e-05,0.01009842401332317,0.26267452884628395,0.2657023348562937,0.011444913172102722,0.01156891341213484,0.008799481901863415,0.00884108253574889
HighLife_L128_rho0.25,HighLife,128,0.25,200,1000,0.15795513257424887,0.1585675920216698,0.21680188117513888,0.22562017142697122,0.017398016184102527,0.017393866017519022,0.00028004218447730267,0.0002877467313175952,0.001910292391533619,0.001981289471371217,0.2603903098803154,0.2621880111130135,0.21680188117513888,0.22562017142697122,0.016051585937797652,0.019675467337118002,0.15795513257424887,0.1585675920216698,0.016051585937797652,0.019675467337118002,0.02951103283433254,0.03044178949045362,0.015597468178628837,0.019983010352087383,9.508137763603042e-05,0.017943577022691448,0.2736273913289038,0.27671261169942607,0.007050328939498418,0.007124943466563116,0.00701980131233737,0.007051234159690001
HighLife_L128_rho0.30,HighLife,128,0.3,1,1000,0.349023485972048,0.31926401249340164,0.325521261196398,0.32837286399592436,0.016519552878173083,0.01515415289754074,0.033394048481711236,0.030429427074077475,0.01740862738840021,0.015839444339238007,0.45670277589804964,0.468249733873328,0.325521261196398,0.32837286399592436,8.61762962013346e-05,0.00010002479836934697,0.349023485972048,0.31926401249340164,8.61762962013346e-05,0.00010002479836934697,0.004126029924005459,0.0042720086231961,0.11775402075741503,0.11018769718842814,0.0003499784999203559,0.024427256756770488,0.5100672739722247,0.4800937492444617,0.018766853716908116,0.017281259460832588,0.011947085980445804,0.011372283779955583
HighLife_L128_rho0.30,HighLife,128,0.3,5,1000,0.27580962235241524,0.2607934171183993,0.2819962381757668,0.2940513054034951,0.0370685653444105,0.03515046299253477,0.009975485974760612,0.009396165552547853,0.0002122355466201986,0.000199611442001979,0.36922288550207183,0.3913131075907822,0.2819962381757668,0.2940513054034951,0.0029957812131516937,0.0035943622847499634,0.27580962235241524,0.2607934171183993,0.0029957812131516937,0.0035943622847499634,0.030600361963949996,0.03275052049461924,0.028632963878768014,0.027695905108845453,0.00011416508454664687,0.008236800175608683,0.42617495392940175,0.41464688770907787,0.011554313601972122,0.0109981583494011,0.006333749240305386,0.006232158067523197
HighLife_L128_rho0.30,HighLife,128,0.3,10,1000,0.29225807009659976,0.2838573171499136,0.3150908585761497,0.33749082517344176,0.018991667040684335,0.01849842401261137,0.00500076652394954,0.004838375237278814,4.794895571813562e-05,4.63225897389119e-05,0.3572658801373162,0.38893201686584133,0.3150908585761497,0.33749082517344176,0.007221061669443918,0.008899368292624388,0.29225807009659976,0.2838573171499136,0.007221061669443918,0.008899368292624388,0.030081744226692853,0.0330705202838818,0.040822060223860035,0.040559308928876825,0.00014821891809768672,0.010984372110681151,0.4153264818164317,0.41507490839251227,0.017874237044152808,0.017476308442396005,0.016582069373190067,0.016759563095631425
HighLife_L128_rho0.30,HighLife,128,0.3,25,1000,0.23858145930999386,0.23174970997072153,0.2510967098587352,0.2689776013825257,0.023663762162269175,0.023051774417482185,0.010126646987414722,0.00979890542319617,0.0038281358967080514,0.0036987071926376514,0.33219079863148315,0.3616751577823355,0.2510967098587352,0.2689776013825257,0.004217094253756826,0.005197809527755948,0.23858145930999386,0.23174970997072153,0.004217094253756826,0.005197809527755948,0.021553738532959943,0.023697882968975126,0.03221128636003212,0.03200756405794891,0.00013009479194270313,0.009642295477694018,0.38176675508515323,0.38157849529545407,0.014274521692396624,0.013958304873102123,0.008955900240257053,0.009052783609038051
HighLife_L128_rho0.30,HighLife,128,0.3,50,1000,0.21660127046808153,0.21361270035435165,0.21796213616969906,0.237049864682492,0.014419714931570904,0.014261355498683015,0.008315466821214867,0.00816924821780629,0.0011330500033305269,0.001111463597984641,0.26905292387897883,0.29740780295320524,0.21796213616969906,0.237049864682492,0.0017000935052021715,0.002127469894534273,0.21660127046808153,0.21361270035435165,0.0017000935052021715,0.002127469894534273,0.026650563748466638,0.029749310349070468,0.025150487325854676,0.025373157831759308,0.00012186481086673417,0.00917027597176634,0.3107918583388921,0.3153835080914934,0.015872292378362074,0.015757754557601977,0.010509773712399806,0.010785736826313341
HighLife_L128_rho0.30,HighLife,128,0.3,100,1000,0.16128424779129857,0.15858757984773408,0.1528768734965117,0.16577216004056716,0.01751409160893791,0.017270419871555087,0.01559583252325436,0.015276194097212037,0.0004968987827437266,0.00048598766668150883,0.21542426404427384,0.23742169907788946,0.1528768734965117,0.16577216004056716,0.0001549886480056717,0.00019337559044740882,0.16128424779129857,0.15858757984773408,0.0001549886480056717,0.00019337559044740882,0.0335784416420809,0.03737164260952974,0.024872511277941656,0.025018363652526854,6.598019535941635e-05,0.004950269370931681,0.24441712635985724,0.2472931736205295,0.011485032406643225,0.01136836606858349,0.009551378517044684,0.009773129607690945
HighLife_L128_rho0.30,HighLife,128,0.3,200,1000,0.17048951091561393,0.16887255755793362,0.1800761901792537,0.19670268828621218,0.012694455109225955,0.012609955113314308,0.01023328133541801,0.010097310616744681,0.0006090799264213409,0.0006000891839554878,0.21519018872000106,0.2389089692191937,0.1800761901792537,0.19670268828621218,0.0031780631016958827,0.003994371702403243,0.17048951091561393,0.16887255755793362,0.0031780631016958827,0.003994371702403243,0.024860547222379625,0.027872538976293604,0.013476311521963047,0.013655088006916283,0.00013326078964492893,0.010071677582363825,0.25567145906433686,0.26058351719075445,0.03247785394323177,0.03238451121399466,0.019417897475234702,0.020014926659755017
HighLife_L128_rho0.35,HighLife,128,0.35,1,1000,0.28560873687419774,0.2392291313741105,0.24562592512654668,0.23428629684453572,0.02209986489468363,0.018471354798927253,0.03388827869723021,0.02723557169128976,0.029100283620507428,0.023028622724350023,0.3363504886883115,0.3595975161751803,0.24562592512654668,0.23428629684453572,9.001987617585083e-05,8.719625763986549e-05,0.28560873687419774,0.2392291313741105,9.001987617585083e-05,8.719625763986549e-05,0.0007346613828308479,0.0007957000851955831,0.10756323443632831,0.08559998313569284,0.0008295403423359549,0.023778935033803683,0.38306797465187103,0.3759921808386256,0.022003612733290323,0.017406067381657286,0.014364384517472906,0.011498470986333942
HighLife_L128_rho0.35,HighLife,128,0.35,5,1000,0.2559509359056167,0.23972556837480474,0.24445290795387453,0.2607251659642489,0.03138735039025198,0.02933451062874992,0.01790423435111821,0.016090065043158686,0.004780719038952275,0.004230376533678082,0.3005396002920808,0.3592869019398498,0.24445290795387453,0.2607251659642489,0.0023760579706146867,0.002573543581610327,0.2559509359056167,0.23972556837480474,0.0023760579706146867,0.002573543581610327,0.027551418225937208,0.03336731122835701,0.015559061245614902,0.013845488289640606,0.0002834832483668004,0.009086515036791587,0.34901626640378847,0.3830572587863583,0.008415616239416779,0.007444022050621557,0.006785568313241064,0.0060737142926019505
HighLife_L128_rho0.35,HighLife,128,0.35,10,1000,0.25094475331177424,0.23094803357132887,0.22373866535598252,0.234480807736281,0.03813972705310065,0.035025172774239444,0.025959176178470766,0.022923000587752096,0.0018932378090515956,0.0016461503018458945,0.291724444838517,0.3426817816859544,0.22373866535598252,0.234480807736281,0.00010872274167950113,0.00011571066889981552,0.25094475331177424,0.23094803357132887,0.00010872274167950113,0.00011571066889981552,0.024415731549817576,0.029055309623067127,0.035568394366004674,0.031100520727897152,0.00039400546221335375,0.012409397761561913,0.35716714315682496,0.3851838252860529,0.022621008710565493,0.019661299036592084,0.015785606961667753,0.013883786633061224
HighLife_L128_rho0.35,HighLife,128,0.35,25,1000,0.21137763030070555,0.19717983751930912,0.20331660842042176,0.21597647352208882,0.026948120536246067,0.025084099663925552,0.011836420148127802,0.01059420233298114,0.009940162204135405,0.008760423854449417,0.25660576903721,0.3055286499401403,0.20331660842042176,0.21597647352208882,0.0022983059434474873,0.0024792948574491325,0.21137763030070555,0.19717983751930912,0.0022983059434474873,0.0024792948574491325,0.011734703159932303,0.014154521927792207,0.031012364890151356,0.02748562494538953,0.00024365831651551595,0.007778521076271749,0.30792673221711164,0.3365977943571312,0.01250868018490181,0.011019935721183094,0.006637626626906701,0.005917343702771527
HighLife_L128_rho0.35,HighLife,128,0.35,50,1000,0.21064364540246217,0.20716353968717227,0.20951865522015856,0.23464849250726838,0.030743764730719936,0.03017092086202633,0.015012827988249655,0.014166803836549002,0.009499869517275328,0.008826952088479056,0.2712632716488329,0.3405163752234279,0.20951865522015856,0.23464849250726838,0.004257806275170362,0.0048424786924717855,0.21064364540246217,0.20716353968717227,0.004257806275170362,0.0048424786924717855,0.019843383788179847,0.025234825781397463,0.027214766584136796,0.025429441731355196,0.00032047813844759965,0.010786379202109453,0.32477757521675454,0.3742927276091016,0.02087310864183156,0.019387248960467618,0.015332157638768829,0.014410489503950186
HighLife_L128_rho0.35,HighLife,128,0.35,100,1000,0.16359372824880736,0.16536511007354615,0.15139982361871374,0.17427404565609783,0.028654121905722585,0.02890219956068396,0.0068605806327898256,0.006653995735727669,0.011727125436153951,0.01119945716545434,0.20370809604147266,0.2628255424519481,0.15139982361871374,0.17427404565609783,0.0006175508408566843,0.0007218829951509687,0.16359372824880736,0.16536511007354615,0.0006175508408566843,0.0007218829951509687,0.017068747395134864,0.022309945189622482,0.017528290489984277,0.016833873046658954,8.433663172124906e-05,0.002917465978168887,0.2406124279646389,0.285007102459085,0.009627487940679913,0.009190821055426235,0.0027651008711691016,0.0026711526651658213
HighLife_L128_rho0.35,HighLife,128,0.35,200,1000,0.1431093433121542,0.14416208672929742,0.1374234876445688,0.15764280252428653,0.02130427988110506,0.021414921508385976,0.012902427169716568,0.012470931631856308,0.017402677584346438,0.016562554241158156,0.195493506317864,0.2513607437199883,0.1374234876445688,0.15764280252428653,0.0015010127615302515,0.0017485752045514058,0.1431093433121542,0.14416208672929742,0.0015010127615302515,0.0017485752045514058,0.013152469908020326,0.017132076531340412,0.02797551331341208,0.026774932609303415,0.00027951542106363636,0.009636096894607427,0.23471411669658782,0.2770656427783057,0.017907539567758368,0.017036606146455524,0.0129674114688485,0.012483801644831982
HighLife_L64_rho0.20,HighLife,64,0.2,1,1000,0.3066669456068528,0.33919479191247526,0.45602097652910734,0.4566445881618417,0.0002376511607973253,0.00024073978234573357,0.00265943658237211,0.002864247842077172,0.010607918100264402,0.011491117743654966,0.4589439474468161,0.4944056176153484,0.45602097652910734,0.4566445881618417,0.03196112083542013,0.037229135303037064,0.3066669456068528,0.33919479191247526,0.03196112083542013,0.037229135303037064,0.013317499681849365,0.013489405184528014,0.003802926160185849,0.006302058601110105,2.1170716361651465e-05,0.010202565718212653,0.4167456735183369,0.5103898836886075,0.005428818605355268,0.0055067231089704904,0.004188685306859119,0.004188615831481113
HighLife_L64_rho0.20,HighLife,64,0.2,5,1000,0.17232351440429328,0.18897952219433078,0.35503849848729985,0.3524982284909004,0.015125136228969938,0.015191309583677093,0.015399089483027595,0.01644386847639956,0.03449008240263851,0.03704369880196534,0.36287943036114456,0.3875913684353677,0.35503849848729985,0.3524982284909004,0.06727781075245742,0.07769995993416734,0.17232351440429328,0.18897952219433078,0.06727781075245742,0.07769995993416734,0.06488452551185842,0.06516272441610316,0.012057491069082826,0.01981114099910042,4.714448003095839e-07,0.00022526446766424346,0.33736055877741344,0.409650284672465,0.001906887449689476,0.0019177896265039074,0.0052454010604239265,0.005200672332799305
HighLife_L64_rho0.20,HighLife,64,0.2,10,1000,0.17456631600051453,0.1923418931837797,0.3333669690428469,0.3325426039694921,0.014376458306381457,0.014507449407631046,0.01542322812575081,0.01654731256024977,0.029869810657459195,0.032232635585848324,0.34171697411579594,0.36670897055183405,0.3333669690428469,0.3325426039694921,0.05281881176893666,0.0612887560914015,0.17456631600051453,0.1923418931837797,0.05281881176893666,0.0612887560914015,0.06743184352629783,0.06804032349400913,0.009522064548249998,0.015719071787294148,7.498778535897088e-07,0.0003599942853813598,0.3186644542888918,0.38877274609063894,0.0016726561720001865,0.0016901522126330226,0.0020414846986938073,0.002033621654064399
HighLife_L64_rho0.20,HighLife,64,0.2,25,1000,0.12477129479421689,0.1379095604304652,0.25969114218638234,0.2598651947919709,0.003227398938384307,0.0032670671433422394,0.002502287742996989,0.0026931199016589913,0.026832687323608773,0.029046497470666455,0.2585390973082762,0.2783219526497408,0.25969114218638234,0.2598651947919709,0.0503194936238337,0.05857262593874091,0.12477129479421689,0.1379095604304652,0.0503194936238337,0.05857262593874091,0.026480552918380362,0.02680369320577758,0.00311554704791428,0.005159366064185877,2.7088979848155503e-07,0.00013045597704641754,0.24182041687698663,0.29595208775477744,0.001731845479376215,0.0017554745346753942,0.0027946624523530472,0.0027926701379065166
HighLife_L64_rho0.20,HighLife,64,0.2,50,1000,0.11229688851440034,0.12171539944834187,0.20857859887239294,0.2046721908745177,0.004197081137552683,0.004166303336604726,0.004466765737159317,0.004714218741892928,0.030651084876113344,0.03253670466002434,0.20043243641105668,0.21158620712475174,0.20857859887239294,0.2046721908745177,0.0307653526305105,0.035117083751808,0.11229688851440034,0.12171539944834187,0.0307653526305105,0.035117083751808,0.014910539040759674,0.01479990906096873,0.0010904082866155518,0.0017707175242941409,3.3231406160183496e-07,0.00015693440440200934,0.19177816881174525,0.23015781356026876,0.006260309030805988,0.006222705945954643,0.005063755841352102,0.004962050176585131
HighLife_L64_rho0.20,HighLife,64,0.2,100,1000,0.10513749829952579,0.11408196365021173,0.1854441520614406,0.18217290279606957,0.004151188097341496,0.004125318432733227,0.0019169994646657251,0.002025443294568219,0.011673483097671467,0.012405369848996317,0.1987224759912921,0.21001382307208782,0.1854441520614406,0.18217290279606957,0.023700775063574153,0.02708324123023731,0.10513749829952579,0.11408196365021173,0.023700775063574153,0.02708324123023731,0.01651579223936772,0.01641143878140372,2.8656053877362808e-05,4.6586284069283224e-05,2.46073356913179e-07,0.00011633638980290684,0.1845248003926806,0.22169854525248534,0.00575770800860409,0.005729473128514018,0.00027748266837901436,0.0002722110808528466
HighLife_L64_rho0.20,HighLife,64,0.2,200,1000,0.08150805872600853,0.08651449926112731,0.17201180466207733,0.16529430399798817,0.0025917174442131596,0.002519426636184763,0.0016749222290847188,0.0017310983546630077,0.005495714190980827,0.005712975958990785,0.18641951351861763,0.19271754798337215,0.17201180466207733,0.16529430399798817,0.03433926886652838,0.038384698475177004,0.08150805872600853,0.08651449926112731,0.03433926886652838,0.038384698475177004,0.01632105083839619,0.01586442600620097,0.00038014162899357995,0.0006045275766018987,4.1194958444457086e-08,1.905127556356412e-05,0.16831376261797837,0.19781386459059358,0.007009383739601693,0.00682297667828069,0.003683261885553124,0.0035345288963595234
HighLife_L64_rho0.25,HighLife,64,0.25,1,1000,0.3479845086735268,0.3375051826205533,0.3963885613145871,0.39787565529993685,0.008702114107394854,0.00840233439656024,0.01830262454198961,0.018150367618127494,0.0027659112279436737,0.0027146576120167243,0.5205500118903273,0.5069473994121522,0.3963885613145871,0.39787565529993685,0.008106386453017422,0.009616831371846102,0.3479845086735268,0.3375051826205533,0.008106386453017422,0.009616831371846102,0.008765271395547058,0.008672331302913006,0.07472465584959831,0.09527559059618107,9.340518602540815e-05,0.017216298725535206,0.5231421515393029,0.5097580722067915,0.006402919615557834,0.006199221677765321,0.004706707994442061,0.004545719027609585
HighLife_L64_rho0.25,HighLife,64,0.25,5,1000,0.2760779913607325,0.27021966272116915,0.34054915921866635,0.3449615507840357,0.030185688379354092,0.029413106666335675,0.000626937477837819,0.0006274236906762543,0.0015366820752978905,0.0015220379304989873,0.42847562051208044,0.4211057590422266,0.34054915921866635,0.3449615507840357,0.013862776715982905,0.016596616199650138,0.2760779913607325,0.27021966272116915,0.013862776715982905,0.016596616199650138,0.05726385911812848,0.057176258333130225,0.003032364506548868,0.00390178878746561,3.883988906916436e-05,0.00722456007034189,0.4420250782530122,0.43466626258784646,0.0016422590162421535,0.0016045948632199547,0.0008714150746400584,0.0008493271891524268
HighLife_L64_rho0.25,HighLife,64,0.25,10,1000,0.2726065846852179,0.2678109641103631,0.3210278722351937,0.3263927245464957,0.025476203852439094,0.02491617537301971,6.972985309861013e-05,7.004260357523773e-05,0.002518154434244302,0.0025034023832871677,0.38710711625172056,0.38185903408326627,0.3210278722351937,0.3263927245464957,0.009042281279266318,0.010865611815211174,0.2726065846852179,0.2678109641103631,0.009042281279266318,0.010865611815211174,0.06469866588022866,0.06483914721178008,0.0022408574261905123,0.0028940326563029473,3.2109218984777144e-05,0.005994735387633732,0.41081335706617805,0.4054715889883186,0.0026693095505716524,0.0026177582267105093,0.0018017347070173884,0.0017625751921623856
HighLife_L64_rho0.25,HighLife,64,0.25,25,1000,0.22385951685800953,0.22360371777807841,0.26406190310333866,0.2729700033463065,0.03310399431869904,0.03291838417392712,3.9920357984835064e-06,4.077081610431854e-06,1.6687411542593011e-06,1.6867422512056862e-06,0.35259705295968247,0.3536405355238237,0.26406190310333866,0.2729700033463065,0.0075474266628730025,0.009221180462658185,0.22385951685800953,0.22360371777807841,0.0075474266628730025,0.009221180462658185,0.06599484737510541,0.0672455336651544,0.002561075110822708,0.00336296977664452,2.1613566596689893e-05,0.004102779351962904,0.35808860228090533,0.35935013979406794,0.0027731495534396577,0.0027651285795283753,0.0034402212520967534,0.003421800063453828
HighLife_L64_rho0.25,HighLife,64,0.25,50,1000,0.2193568369645349,0.2200401428812131,0.24108917102442518,0.25028462109977223,0.022325052689633917,0.022294507771777994,0.0010756767272640522,0.001103275655565783,0.00010801190478226808,0.00010964243123245954,0.31644218224539433,0.3187315226098877,0.24108917102442518,0.25028462109977223,0.0032354318762599643,0.00396978663048686,0.2193568369645349,0.2200401428812131,0.0032354318762599643,0.00396978663048686,0.04570074297738058,0.046765325497318044,0.008222721732981442,0.010843351278010172,3.94218413588554e-05,0.0075151198949749975,0.32028170238516296,0.32278008644816614,0.002274340441625111,0.0022774287492794976,0.001431857569992645,0.0014302612110353996
HighLife_L64_rho0.25,HighLife,64,0.25,100,1000,0.17274726509745286,0.1732969764701877,0.20000860243009444,0.2076510820385259,0.025443466884681243,0.02541035573119277,0.006631495689109368,0.0068020969310766954,0.0016311384023056652,0.001655872550136439,0.28478646115887096,0.2868659800641751,0.20000860243009444,0.2076510820385259,0.004818707515765963,0.005912818298569045,0.17274726509745286,0.1732969764701877,0.004818707515765963,0.005912818298569045,0.05822106352634371,0.05958128936625484,0.006270310021788683,0.008269247868031515,6.739018078760761e-05,0.012847679414297986,0.2890093197585114,0.29128325237972674,0.004963343275426468,0.00497041555540545,0.008211660025794987,0.008203053867169574
HighLife_L64_rho0.25,HighLife,64,0.25,200,1000,0.17580622539457313,0.17625634507275967,0.20291935255887983,0.21054246178125502,0.01210667112185404,0.012083421027625496,0.0030882608946806167,0.0031657456029539066,0.0017349691385611932,0.0017601859643675555,0.2525274217213269,0.2542137040612993,0.20291935255887983,0.21054246178125502,0.004743836175233773,0.005817338761220481,0.17580622539457313,0.17625634507275967,0.004743836175233773,0.005817338761220481,0.042747731541503464,0.04371933441099074,0.0028821613859256745,0.0037986212779428374,6.304117741195991e-05,0.01201110852332643,0.2601189524255,0.2620030632978848,0.005981431631036482,0.0059862415251186185,0.007849749381604432,0.007836661704937797
HighLife_L64_rho0.30,HighLife,64,0.3,1,1000,0.3652199072199599,0.3377824683798608,0.3513391840504154,0.35634493585341265,0.027199032238320542,0.025767416501497498,0.038274669887789936,0.035269350924622245,0.007139351777134428,0.006593541050783802,0.4582902890520768,0.4737772919766451,0.3513391840504154,0.35634493585341265,0.0003645371934770658,0.00042682131113136457,0.3652199072199599,0.3377824683798608,0.0003645371934770658,0.00042682131113136457,0.005170415200284051,0.005469075318655592,0.12945493770348504,0.12399928187241516,0.00019587298724821345,0.013653186881872337,0.5136880639930927,0.4892235956622162,0.019381884543310912,0.017977663699897728,0.007897321124608392,0.007534142257639709
HighLife_L64_rho0.30,HighLife,64,0.3,5,1000,0.28489862079456063,0.2729617718466876,0.3102194779105617,0.32594316929138156,0.04800916126529886,0.047116211536158636,0.01103948459840376,0.010538131899013314,0.00028045849538149703,0.00026832266040088815,0.38933490269839066,0.4169516949474823,0.3102194779105617,0.32594316929138156,0.006439925344778663,0.0078111306376508205,0.28489862079456063,0.2729617718466876,0.006439925344778663,0.0078111306376508205,0.028864325469202923,0.031628508773520414,0.03229963141722536,0.032049918905107555,0.0001326701974126987,0.009579915578650011,0.44593894770250486,0.4399589368328046,0.008789509586191846,0.008445603966916293,0.009010444455462618,0.008904900079955036
HighLife_L64_rho0.30,HighLife,64,0.3,10,1000,0.27442354610303377,0.2643367161790814,0.2824938364753161,0.29840523301486266,0.03506143043229448,0.03459397851332269,0.014017941583904903,0.013453141642667421,0.0007491582693025522,0.000720587901133829,0.35309287951408996,0.38016838805470876,0.2824938364753161,0.29840523301486266,0.002508178346204759,0.0030585537660837714,0.27442354610303377,0.2643367161790814,0.002508178346204759,0.0030585537660837714,0.03356995251683503,0.036982193532806185,0.04017305293328388,0.04007641288514219,0.0002122465083657099,0.015408256439145007,0.4006479837383321,0.3973967741655199,0.004256938271125388,0.004112330944778919,0.003540618144862062,0.0035179249026559
HighLife_L64_rho0.30,HighLife,64,0.3,25,1000,0.24163630938994218,0.2341920121601373,0.22949619386681053,0.24391960667595047,0.027210118785691684,0.02701314091973739,0.018020442570909734,0.01740117951081488,0.0004942667241967236,0.0004783530275451753,0.2938858991350519,0.3183754384654299,0.22949619386681053,0.24391960667595047,9.414427290677096e-05,0.00011551154066413716,0.24163630938994218,0.2341920121601373,9.414427290677096e-05,0.00011551154066413716,0.039380213266809516,0.04365095697790966,0.03102352561657462,0.031140022481302654,3.9194201759018554e-05,0.0028629155194168643,0.33392253606105515,0.3332582209766156,0.00654728493340595,0.006363934663684234,0.002266092972165956,0.0022654733781853897
HighLife_L64_rho0.30,HighLife,64,0.3,50,1000,0.22717470842918108,0.22557417503991495,0.237777492618519,0.25891754542985446,0.03254013612007345,0.033096611048636926,0.007953777001413309,0.007868757463643794,0.001168988940211002,0.0011590897638070752,0.29717319494357053,0.32982984833809714,0.237777492618519,0.25891754542985446,0.002832125478934522,0.0035601104855673693,0.22717470842918108,0.22557417503991495,0.002832125478934522,0.0035601104855673693,0.02894562475167406,0.03287139594539146,0.026970743612779846,0.02773576862679017,0.00023508036265540433,0.01759229809056395,0.3426654863042432,0.3503684725328149,0.0009916242550794818,0.0009874864068667444,0.00016952258315339197,0.00017363141918547154
HighLife_L64_rho0.30,HighLife,64,0.3,100,1000,0.18383876400697885,0.1818464096058081,0.19729289842825604,0.21401313653766418,0.034023639281610785,0.03447332446362261,0.005790408639174904,0.005706636414347543,3.463900980893442e-05,3.4214514181174494e-05,0.24765453318081476,0.2738197971206454,0.19729289842825604,0.21401313653766418,0.003402765085059989,0.004261094775083074,0.18383876400697885,0.1818464096058081,0.003402765085059989,0.004261094775083074,0.02597018615683777,0.02937977892050747,0.026410953363024348,0.027056374669802485,0.00018851137701469955,0.01405342013252009,0.28642718047274385,0.29174748745912527,0.00363368990838131,0.003604707985348843,0.00024076596901856373,0.00024565980119961583
HighLife_L64_rho0.30,HighLife,64,0.3,200,1000,0.19445628651924662,0.19246955072854255,0.17724334164248523,0.19238504698860492,0.034430371142013194,0.034907320323631086,0.0071981512108023615,0.0070984636157307435,4.381897377614408e-05,4.330913569283723e-05,0.23133081888628626,0.2559319248980434,0.17724334164248523,0.19238504698860492,6.196372675215667e-05,7.76424375588114e-05,0.19445628651924662,0.19246955072854255,6.196372675215667e-05,7.76424375588114e-05,0.025217041111785354,0.02854565368660822,0.01993548304562942,0.020435473015324557,9.45615600670413e-05,0.007053935723998261,0.2704376099635226,0.2756337484220236,0.0012871444367666962,0.0012776794662447966,0.00046074605401591473,0.0004704061860180131
HighLife_L64_rho0.35,HighLife,64,0.35,1,1000,0.34562052418439626,0.3000041139275226,0.3034739147007126,0.29049066690316183,0.04557609733607193,0.04100104829213602,0.054592103197071196,0.04643823115822454,0.03131357237990362,0.026422786302856882,0.4224926329769434,0.44271768950144985,0.3034739147007126,0.29049066690316183,0.0017358767119731722,0.0017532824870255537,0.34562052418439626,0.3000041139275226,0.0017358767119731722,0.0017532824870255537,0.0017485710031687196,0.0019785580470079722,0.20311878588945098,0.17281347409413295,0.001122039926910956,0.03227121442174252,0.4711257035064691,0.4616071999277762,0.01077552753213995,0.009080240822606611,0.0053210327414234815,0.004491558218324809
HighLife_L64_rho0.35,HighLife,64,0.35,5,1000,0.3234870504296723,0.29923346428465536,0.29978174419123726,0.30580288167322356,0.046392895836074755,0.04447693827936916,0.0187366413262402,0.01698490651840945,0.011197268249727999,0.01006893768936934,0.35868637969137374,0.4005421228123561,0.29978174419123726,0.30580288167322356,3.535643286933787e-05,3.8056341460368515e-05,0.3234870504296723,0.29923346428465536,3.535643286933787e-05,3.8056341460368515e-05,0.013506129587412041,0.01628628427808565,0.06428875210442653,0.05828919797092735,0.0002816309858035826,0.008632031329413814,0.41963916464840867,0.4381646771772517,0.004433784648196659,0.003981612545352675,0.0036124085477001744,0.0032495523520840175
HighLife_L64_rho0.35,HighLife,64,0.35,10,1000,0.2956339637144507,0.2853324176712403,0.28881757204975367,0.3073997668747084,0.06573888753064538,0.06575810381630176,0.01717963068379491,0.016249079769100172,0.006418894542703724,0.006022479645337531,0.35938404374274147,0.41873149731860637,0.28881757204975367,0.3073997668747084,0.0007466480973344902,0.0008385289962827835,0.2956339637144507,0.2853324176712403,0.0007466480973344902,0.0008385289962827835,0.02121069842854384,0.026686375807294715,0.07021700012509213,0.06642611982903346,0.000294976184924578,0.009433287191031092,0.41098545950247456,0.44774561008586855,0.004382754587822002,0.004106530789426799,0.0034001102291149055,0.003191267454509261
HighLife_L64_rho0.35,HighLife,64,0.35,25,1000,0.23247488766949143,0.21634261982600278,0.22099122944167204,0.22679015980863482,0.03236814439383506,0.031218640157932298,0.02730417619069392,0.024900798444476013,0.004311785318799943,0.0039006903655633973,0.27157249450192045,0.30509273667461534,0.22099122944167204,0.22679015980863482,8.055630358172472e-05,8.723100985130738e-05,0.23247488766949143,0.21634261982600278,8.055630358172472e-05,8.723100985130738e-05,0.010385093207171181,0.012598367566743707,0.06494997660747559,0.059244066446396904,0.0005215142277932294,0.016080942953610622,0.33273402935775587,0.34951944877375907,0.014323041922518542,0.012939945327105629,0.012098406983568566,0.010948828274883082
HighLife_L64_rho0.35,HighLife,64,0.35,50,1000,0.21533316704508698,0.2052033984643895,0.20927949267680357,0.21992946917395173,0.03528830301832675,0.03485254817884298,0.027727656704269243,0.02589434600300089,0.008364988524236283,0.007749207334161734,0.27170946726813583,0.3125780238269208,0.20927949267680357,0.21992946917395173,0.0004209704652412549,0.00046679971348051463,0.21533316704508698,0.2052033984643895,0.0004209704652412549,0.00046679971348051463,0.011458139865754835,0.014233954679615524,0.06480317625899534,0.060529869470537845,0.0005863767891702842,0.018515255281218335,0.3246654624920543,0.34923503233708675,0.017880025085095674,0.01654142366935496,0.015451860240997872,0.014319498519248186
HighLife_L64_rho0.35,HighLife,64,0.35,100,1000,0.19119479680603468,0.1852591984484715,0.18983541391538017,0.2028448920999818,0.03363484294982155,0.03377716977245926,0.03333755651217707,0.0316559705802828,0.01318908003686814,0.012423287203944922,0.2632407381284374,0.3079192643148869,0.18983541391538017,0.2028448920999818,0.000915658083474713,0.001032386644284622,0.19119479680603468,0.1852591984484715,0.000915658083474713,0.001032386644284622,0.013238852649875787,0.01672214166345909,0.06005508427094708,0.05703655884558234,0.000770379234346974,0.02473361471933455,0.2977953370688009,0.32570895128243726,0.005181467334773204,0.004874023473327438,0.0034943754836407326,0.003292658557897621
HighLife_L64_rho0.35,HighLife,64,0.35,200,1000,0.19373890777616776,0.19059474395429932,0.18935765422438455,0.2054282037659556,0.0337475206028337,0.03440852730223587,0.028100734915825765,0.027091303910336872,0.0012442296018443377,0.0011899067074101488,0.23794907422310774,0.28259087970140473,0.18935765422438455,0.2054282037659556,0.0004996400587818917,0.0005719481452322039,0.19373890777616776,0.19059474395429932,0.0004996400587818917,0.0005719481452322039,0.013036065034239042,0.0167177732186794,0.05365157074592419,0.05173403320185799,0.0005716055070751347,0.01863244248227236,0.27031207855252204,0.30017022750630684,0.007554875432865038,0.007215268900455762,0.008835930587111629,0.008453173535761804
