world_id,world_seed,density,iso_embedded_50,iso_alone_50,fine_net_50_250,G_0_250,comp0,comp50,blk8_0,blk8_50
0,3463654368348045212,0.4463050469068928,64,3,-29,0.4393221574344023,343,157,64,57
1,2330969361771277654,0.5255351947388471,38,4,-62,0.26875000000000004,215,105,64,40
2,2124757994731625358,0.16453401769190878,62,6,-44,0.44756944444444446,450,159,64,50
3,247080924537440671,0.4147917307616867,38,11,-81,0.28216019417475724,412,145,64,52
4,3272393637541433779,0.14295253479316938,42,5,-30,0.3868925644028103,427,125,64,47
5,2898830132610843341,0.4879299351485022,35,7,-38,0.3628472222222222,306,123,64,54
6,402886477179035602,0.18353306771881744,46,3,-39,0.41080339321357284,501,115,64,44
7,4071574786169903120,0.4206171058530164,61,9,-75,0.4440011820330969,423,178,64,56
8,3411898257071016714,0.11279225136731268,34,2,-18,0.21156163911845727,363,83,64,33
9,882057252630444287,0.4634701545347469,59,6,-48,0.31164148351648346,364,145,64,57
10,195330876027284443,0.12642452075301677,34,4,-24,0.3130195012787724,391,91,64,34
11,1311669376471901371,0.29959833595839414,62,14,-87,0.5726750927643784,539,191,64,53
12,2436795100438037711,0.27765224142262246,48,8,-33,0.46592003853564545,519,148,64,55
13,1284151890667727644,0.302538511080367,59,6,-84,0.5613425925925926,540,169,64,59
14,4604331202816762964,0.36608457291933727,40,6,-56,0.3980816160520607,461,139,64,56
15,1275356129140675556,0.4325725164004891,62,13,-92,0.3552837743732591,359,172,64,53
16,3547874524135403556,0.49998105130685133,44,7,-25,0.24546755725190839,262,149,64,52
17,2725751456351394314,0.5143850664315897,94,8,-102,0.17812499999999998,240,213,64,60
18,4467175404393949414,0.48919824990502964,59,11,-54,0.2453409090909091,275,167,64,59
19,3119286220791685349,0.44645389592787854,55,4,-69,0.324260752688172,372,146,64,53
20,277198874117422169,0.156309940374765,47,3,-45,0.43184691011235954,445,124,64,55
21,3624494569213939351,0.327834028536486,56,3,-30,0.5207644139886578,529,143,64,50
22,1951717839290887273,0.030351882302684558,0,0,0,0.008752431230897417,122,1,59,1
23,4464249827643573604,0.11321675855516636,25,1,19,0.2876461988304093,342,75,64,33
24,2382902161849558719,0.5498333832618486,42,10,-40,0.08742331288343558,163,148,64,53
25,4339390768416639524,0.16985586981408965,56,6,-73,0.3852998878923767,446,159,64,56
26,865189762315376112,0.271073642541832,51,4,-10,0.5501399253731343,536,159,64,60
27,884192330852403290,0.4621788651080157,63,17,-12,0.3995535714285714,364,168,64,55
28,1316082895974881820,0.4209960884976633,58,7,-42,0.40699940047961636,417,172,64,59
29,2514260657389220454,0.20805165144672896,37,3,-35,0.450608846918489,503,107,64,45
30,3605645354821376375,0.16533809281891243,39,5,-51,0.3904768957345972,422,117,64,50
31,2007676577282169696,0.18105981540065913,52,1,-40,0.520770202020202,495,138,64,56
32,1086976025198173886,0.2354480804819472,77,13,-56,0.5673262548262549,518,183,64,58
33,55352383037797645,0.058874542840179,3,0,0,0.06876586294416243,197,8,64,7
34,65220553073271144,0.39756600533264913,65,5,-48,0.45548036093418254,471,172,64,57
35,1471474331444302105,0.10282976084306758,29,3,21,0.27729430379746833,316,79,64,34
36,2431765525335619831,0.575795230812793,69,2,-55,-0.1730978260869565,115,136,64,51
37,1738493191881870681,0.5409109222070168,47,8,-57,0.10953362944162437,197,137,64,54
38,2012067363959794142,0.25216380508977454,35,5,-46,0.39872685185185186,513,122,64,53
39,832032976674432126,0.1976146690968273,40,5,-31,0.4230395962732919,483,121,64,47
40,4000973526106698449,0.09429146326764482,34,3,-15,0.2905433006535948,306,103,64,41
41,3409065842005943697,0.4403498061772316,59,6,-77,0.4000088526912181,353,184,64,59
42,971438693941674934,0.12585834528186113,29,0,-3,0.31411366498740556,397,83,64,37
43,2184353084216161758,0.1401470791204865,51,2,-60,0.3007440476190476,420,124,64,53
44,2754985353107363742,0.17331849358103868,50,4,18,0.4546280760626398,447,128,64,53
45,2590842238825369604,0.22260647272091175,42,14,-78,0.39338592233009706,515,149,64,54
46,4131684316800288168,0.1668251271766527,88,9,-91,0.5556076789838337,433,209,64,63
47,1955915771854500077,0.4769605815402892,41,2,-33,0.42617827868852454,305,127,64,51
48,3436478522511246677,0.5187480405332838,46,2,-47,0.3080357142857143,224,118,64,52
49,2318605780378394411,0.06608537814005891,4,0,44,0.179152397260274,219,16,64,9
50,3904393482874201335,0.14256235761195782,36,5,-14,0.4533514492753623,414,98,64,43
51,3473132822839528376,0.16608441998755252,42,9,-70,0.3822916666666667,465,132,64,47
52,3568254829255061873,0.08225923884386,4,0,0,0.18051861702127658,282,24,64,17
53,259105807262807151,0.14566009782859532,60,9,-41,0.3569625890736342,421,167,64,55
54,1589308890527927267,0.14833140827851968,64,4,-54,0.480152027027027,444,153,64,55
55,994002635660830018,0.4354696665371577,51,5,-57,0.38247478386167144,347,152,64,55
56,1031471181935154809,0.07439368054575757,4,1,8,0.13518518518518519,270,23,64,13
57,385313686741303152,0.3309173571858733,36,6,-74,0.3706367924528302,530,126,64,52
58,791180297344761954,0.10181657083333373,23,1,-2,0.3102453102453103,319,60,63,27
59,181814948077735319,0.07204295395656408,11,0,42,0.242587457337884,293,38,64,21
60,2159090254815801272,0.3993704005635628,58,6,-69,0.5038178733031674,442,164,64,58
61,1732898916271890698,0.218012024164576,45,6,-28,0.43870192307692313,520,133,64,54
62,318969421506712316,0.4726751357231699,66,9,-69,0.3650412087912088,364,175,64,53
63,1664383155823671965,0.23917922803487804,60,15,-100,0.3704753861003861,518,159,64,56
64,3304837770572940558,0.4310103537415751,73,10,-116,0.4242850257069408,389,188,64,58
65,1122457461158610878,0.48439326477747274,47,6,-12,0.3426535087719298,285,137,64,54
66,4571030357122782543,0.06901977337233346,0,0,-6,0.09399224806201545,258,14,64,11
67,4534290148071125629,0.2694873113747972,53,9,-70,0.523536036036036,555,161,64,59
68,2298950077419683704,0.16109768179306014,42,2,-51,0.34252982646420826,461,138,64,53
69,71552718903259113,0.3090040923538568,63,5,-112,0.39998772102161095,509,147,64,46
70,1219685584370016102,0.03356459777206888,0,0,0,0.03967428967428965,111,2,52,3
71,2942283839230388769,0.17369258123717865,60,1,-52,0.5380518480492813,487,140,64,55
72,433517706731636860,0.4717940913976701,56,8,-68,0.34593658892128276,343,153,64,59
73,4519913099209387372,0.5028633350047853,67,12,-101,0.34737404942965777,263,211,64,60
74,2397568106795625320,0.16977096438266046,50,0,-48,0.4496943612774451,501,128,64,49
75,263641890146324462,0.5715311455275621,55,6,-74,0.09008487654320985,162,148,64,54
76,481807678987198645,0.3848375499916719,42,4,-30,0.5158643326039387,457,137,64,55
77,703302585299906406,0.3851985786213613,64,12,-85,0.38162878787878785,462,183,64,57
78,104353757572511176,0.44884637457011795,50,14,-21,0.3960616438356165,365,173,64,58
79,1765051147873516924,0.0369627635818159,0,0,0,0.010297482837528626,138,1,57,1
80,541485543790715183,0.06826230038515076,4,0,0,0.08277130594727167,233,14,63,9
81,699655385260536053,0.4168334069941423,57,7,-79,0.29427083333333337,384,164,64,53
82,4117269732110012989,0.07903923986312045,16,0,0,0.18374999999999997,300,48,64,22
83,2355356212741816059,0.41042016765024136,40,7,-36,0.33482680722891567,415,124,64,50
84,2907718552504413965,0.04856440843850056,2,0,-6,0.07357738310982243,178,13,62,10
85,4329648632561527135,0.3048790200102683,32,5,-17,0.5116494082840237,507,122,64,54
86,2349856201557168349,0.40805202018464914,52,8,-51,0.395490506329114,395,154,64,57
87,3544623668007651009,0.26381371467980114,55,3,-46,0.42692307692307696,520,149,64,54
88,4260921936660258356,0.11060451322649516,35,1,-26,0.32078660949868076,379,88,64,39
89,750349864889794778,0.18344745310289684,49,8,-44,0.5417444029850746,469,149,64,56
90,876687855217916832,0.4946671717457121,44,11,-21,0.29159768211920534,302,150,64,55
91,187633340205073887,0.5469793724483264,64,4,-72,0.18678160919540232,174,170,64,51
92,600687834415230861,0.08835055803383808,12,0,0,0.18961947949526814,317,34,64,19
93,2239294513926351188,0.36611285404615057,46,10,-75,0.42863005050505054,495,149,64,57
94,421987554786063551,0.5560868163140742,54,6,-73,0.16397664835164838,182,137,64,49
95,54754535141738231,0.31392582729134033,61,9,-44,0.4778322179732314,523,170,64,58
96,938087350396396595,0.35916752278798236,87,6,-123,0.4203927865612648,506,187,64,57
97,4126171697545436108,0.5535431742469124,72,9,-38,-0.11179435483870968,155,174,64,53
98,3745546614340564108,0.49726007919297305,71,12,-77,0.31490384615384615,260,182,64,57
99,10956829028238164,0.30360728108304935,44,3,-44,0.3886829096045198,531,128,64,52
100,1098409461698244317,0.27354333786390983,42,3,-38,0.40043123818525517,529,132,64,54
101,2007840631332586405,0.18702188866220096,55,10,-82,0.508545918367347,490,185,64,60
102,3779987547310343563,0.09661817365108903,17,11,-16,0.2501990445859873,314,65,64,27
103,1650368568815342562,0.3071437981611326,74,9,-83,0.46389751552795033,483,191,64,57
104,3165967525735811561,0.19906505347652306,44,9,-81,0.4455948795180723,498,147,64,53
105,1815294387824837157,0.35700521080845204,62,11,-52,0.4536247334754797,469,191,64,61
106,2463563845967623337,0.14808890846851655,76,6,-57,0.35231854838709675,465,162,64,49
107,2657383826602610702,0.23093974285942148,37,10,-47,0.3853346456692913,508,137,64,55
108,2012837652467622681,0.14050077966936617,25,8,-27,0.4654425182481752,411,99,64,46
109,2944676117950004796,0.18041868683576534,56,11,-75,0.42887707468879666,482,162,64,57
110,3115991057000114072,0.38746519183595385,37,4,17,0.47916666666666663,408,119,64,52
111,604190856797536313,0.047878376936266114,2,0,0,0.125,168,12,56,11
112,3060979311231487405,0.24310954685576106,75,10,-83,0.31636300738007384,542,191,64,60
113,245411130813646119,0.5497210641297949,57,5,-73,0.03513513513513511,185,159,64,55
114,4225966903252522288,0.2680693558667209,71,8,-24,0.5208333333333334,552,185,64,60
115,1138323648250877993,0.40700171737899776,72,4,-5,0.4874929138321995,441,169,64,55
116,752707413495239992,0.11806147834584496,39,6,-5,0.27510718997361483,379,108,64,44
117,4256085674093817965,0.09521143321743268,25,1,52,0.28125,320,63,64,27
118,2305226342823141850,0.2370548028965987,75,12,-92,0.519133877159309,521,196,64,55
119,1098312453425348769,0.3493303581322588,52,10,-37,0.4113256369426752,471,145,64,55
120,3774678064490448058,0.08222972069991902,16,0,51,0.3143631436314363,287,41,63,20
121,1442347158927374701,0.10115917899388571,30,4,-14,0.30979046242774566,346,69,64,23
122,4358267532210678423,0.28895650574300596,70,6,-83,0.38894230769230764,520,157,64,54
123,3233153035151562664,0.11388159941526863,30,4,-7,0.38954293628808867,361,92,64,38
124,1093602282839514754,0.32673174484184325,46,5,-37,0.4103851606805293,529,134,64,52
125,1937051637527608912,0.2227646675356248,74,10,-108,0.5146844660194175,515,197,64,59
126,501890680805958575,0.16594305858044517,46,8,-8,0.46706263498920086,463,139,64,54
127,3747428971925839053,0.28139487670351515,55,9,-90,0.45301136363636363,550,176,64,55
128,202818533514192846,0.07959114027397951,15,0,-2,0.12878787878787878,297,38,64,18
129,3507373290688273766,0.38966470604230025,66,10,-55,0.5016059957173448,467,171,64,55
130,2020531397803845194,0.18812749149181818,46,10,-20,0.544875,500,146,64,51
131,1209236091598150459,0.03452914733207544,0,0,0,0.01156865445530919,137,1,53,1
132,641725479787735872,0.2914280604625023,51,1,-62,0.43424010791366907,556,142,64,54
133,1527884312938319386,0.4760480116442307,56,10,-75,0.3553557073954984,311,154,64,53
134,3744059234472836575,0.366271601537474,58,7,-43,0.3610969387755102,490,157,64,59
135,3832672817883279899,0.2946442041795371,42,7,-25,0.44160231660231664,518,120,64,52
136,4177252453769400762,0.395056428021646,52,14,-66,0.5173611111111112,432,153,64,49
137,2583786453013002436,0.45572819739523107,54,5,-73,0.22919568245125344,359,159,64,57
138,2209536257395409220,0.3093668051627991,49,4,-20,0.49970238095238095,525,135,64,52
139,2166735931921670718,0.24006192330606876,80,12,-80,0.5584006653992395,526,189,64,54
140,3442142646370847367,0.5121360240583606,51,9,-54,0.16754201680672265,238,148,64,57
141,1954387300698001378,0.13017076279977807,53,0,-60,0.41244405370843995,391,137,64,48
142,4031833336825764122,0.04632860502585335,0,0,0,0.01064631618616918,174,1,61,1
143,1527609973710068555,0.061744348932537794,0,0,0,0.06131827731092432,238,4,64,5
144,1309330918922561890,0.4256684867846591,80,10,-90,0.4636994949494949,396,191,64,60
145,1690387588021072037,0.5274346687509796,55,10,-98,0.24533371040723984,221,175,64,58
146,4534077018648213560,0.40063882705067017,53,10,-21,0.44263934878587197,453,139,64,52
147,3370021626697011328,0.3248395628592389,48,6,-38,0.5019712430426716,539,138,64,52
148,1233415071947878440,0.05256529043715585,2,2,-6,0.054446151220344796,189,14,62,10
149,1854742488098878621,0.42917691493596105,72,20,-116,0.3875591016548463,423,190,64,58
150,4103839339160064206,0.5707550761501798,43,5,-57,0.10270700636942676,157,139,64,53
151,4096174081025359832,0.06443383438948318,20,3,35,0.14325889164598843,195,44,62,16
152,3205084318008093040,0.3698096957158034,72,10,-98,0.46607905982905984,468,187,64,58
153,2022693031098538088,0.3112248191026878,45,9,-7,0.5141743230174082,517,137,64,54
154,4591240626030308583,0.037715568901574605,0,0,0,0.009313725490196156,136,1,60,1
155,2371860736635890367,0.21578805968930334,53,7,-49,0.4851473384030418,526,139,64,53
156,465055141025117516,0.10575671092547557,31,2,-15,0.2944128787878788,330,88,64,33
157,1095828056303857848,0.5266514194365254,56,11,-62,0.14567550505050508,198,160,64,57
158,1167544253127140511,0.5746111306774746,59,8,-59,0.06712278106508873,169,148,64,52
159,3610809255327222871,0.37428662185594586,48,9,-61,0.47842573221757323,478,146,64,49
160,2427613787730426593,0.09876027488762261,29,5,-6,0.22105211598746077,319,90,64,35
161,593879843104715119,0.32454328546242883,56,9,-82,0.33369006849315064,511,159,64,53
162,3084897787905233810,0.17463537922106304,44,8,-12,0.4380376344086021,465,128,64,44
163,1138775898956895765,0.511148637469019,62,7,-44,0.281885162601626,246,163,64,55
164,1751093377018796293,0.06483104906290804,12,0,5,0.18344465648854957,262,37,64,18
165,417450806915283831,0.0393113149453746,0,0,0,0.0,143,0,59,0
166,4258721307160192538,0.4917589209220833,54,9,-32,0.25550176056338025,284,168,64,57
167,1515747651483460317,0.12877253449625806,28,2,-20,0.29616297468354436,395,82,64,38
168,144532882199949646,0.5445224296654567,43,5,-45,0.140625,192,117,64,46
169,2742959829981017621,0.4043899257227557,38,9,-71,0.3587443946188341,446,134,64,59
170,914511030536202841,0.34047443220333357,51,10,-53,0.4451790796963947,527,156,64,55
171,2671871441126680317,0.205698845027249,51,4,-15,0.43600299401197606,501,141,64,53
172,214414508472557721,0.2290188765938693,62,7,-51,0.505105198019802,505,151,64,55
173,299145036258333107,0.5257994492800723,60,5,-33,0.26982931726907633,249,137,64,49
174,4309724001392716931,0.12609357976747296,38,6,30,0.33219936708860764,395,98,64,39
175,932213073787667791,0.23630436639276772,59,7,-52,0.4241071428571429,504,169,64,59
176,4225487499538628631,0.4805242364752375,69,11,-120,0.28547854785478544,303,185,64,58
177,3143367871547768026,0.12820577755736406,9,0,0,0.3769230769230769,390,48,64,32
178,595958693193993631,0.46168792239386114,78,7,-95,0.3716938405797101,345,177,64,58
179,3546274121947807577,0.19586018460119572,71,5,-34,0.3837628865979381,485,151,64,52
180,3335331052752549281,0.5637087197067482,62,10,-75,0.02728873239436619,142,151,64,57
181,161368761231267889,0.21707823030271622,49,3,-37,0.36788302277432716,483,131,64,48
182,3260648208145252060,0.25853086004235376,66,13,-112,0.4480414171656687,501,185,64,57
183,2498295635009311820,0.036314341710385,4,0,0,0.016514558887440245,156,8,59,4
184,2043898373339014514,0.056386193111873775,2,0,0,0.03926940639269405,219,6,60,4
185,3317587297896205219,0.4395795396191879,70,14,-66,0.38624379652605456,403,200,64,59
186,1330015490219773250,0.08928396000481542,14,1,16,0.18532675054414183,299,33,63,16
187,2112285868233718603,0.22097065323587553,47,9,-51,0.4912735849056604,530,155,64,58
188,2659790457222695951,0.4019480978751396,64,9,-92,0.41150805489260145,419,188,64,58
189,346144123739038235,0.17396165672502573,65,7,-49,0.4345660480349345,458,172,64,58
190,394612709254831976,0.2996197001903282,75,15,-57,0.4590309633027523,545,173,64,55
191,1692532504337155785,0.49587259340542794,63,7,-107,0.307696554770318,283,157,64,52
192,1733077755681790441,0.4077501644510396,48,7,-65,0.4017125292740047,427,147,64,51
193,2499595482148151477,0.21810056347172216,49,4,-95,0.3796319169960475,506,148,64,55
194,1827891206020831880,0.3272486988039555,56,10,-57,0.4944635826771654,508,163,64,57
195,3491572419754343541,0.1432085755001161,40,7,-50,0.3889880952380952,420,136,64,50
196,2394066439360466101,0.08293186428468588,11,1,42,0.19202898550724634,276,43,64,25
197,320778664677387198,0.2373225614631111,57,3,-23,0.5035934291581109,487,143,64,53
198,1840043752053571431,0.558438778749266,64,2,-30,-0.16494205298013245,151,154,64,48
199,3980465936918992744,0.5026673362306436,61,7,-78,0.3295115187713311,293,160,64,56
200,3120056991923938952,0.23916634321366517,71,7,-79,0.4421092300556586,539,186,64,57
201,4252771651857455096,0.331726803535577,67,6,-59,0.5041666666666667,480,177,64,57
202,2779755733379625536,0.27719707885317435,64,5,-114,0.5256656137184116,554,195,64,59
203,2623830812246294066,0.522614165089668,57,11,-118,0.16009852216748766,203,187,64,61
204,1356294688972627894,0.31396957158614036,47,9,-33,0.3700406309751434,523,150,64,53
205,4482504667605644064,0.4158550936597084,71,9,-104,0.4560630341880342,468,205,64,59
206,654048752605777237,0.36364098622556146,53,8,-91,0.43916223404255317,470,171,64,54
207,3147574601378543472,0.29764631422632115,60,5,-64,0.5662627551020408,490,177,64,58
208,4062410465481735370,0.08443887085786822,15,1,-17,0.25583791208791207,273,41,64,23
209,2278924936595467713,0.49900978775616917,57,9,-55,0.2998188405797102,276,162,64,57
210,643861507224838487,0.42777634753317745,60,9,-64,0.37290846456692917,381,166,64,57
211,1323339559838066554,0.3993331957053436,73,7,-67,0.4127062958435208,409,173,64,55
212,4091637827377161422,0.04367254748281272,0,0,0,0.03502109704641354,158,5,60,4
213,4394113970218540564,0.08734286089785312,24,0,-10,0.23195341328413288,271,53,64,21
214,1801676430021005619,0.34099434826162917,61,14,-70,0.5588090551181102,508,183,64,58
215,2130384550601286334,0.0704515676511381,5,0,0,0.06730386300278768,243,15,62,8
216,2016551365342007377,0.10627230033834896,19,4,-20,0.3297213622291022,323,75,64,37
217,3444775571091194339,0.260933775995772,59,11,-91,0.421875,544,176,64,57
218,1885109703676490329,0.3752665573732488,45,2,-53,0.4594323394495413,436,132,64,48
219,1907383938108344120,0.1312063007913013,33,5,-7,0.38520728643216084,398,90,64,38
220,1153466371658744700,0.3823543751153284,43,6,8,0.5096677559912854,459,131,64,54
221,4543999359773755283,0.5057496074596141,87,10,-108,0.2637081784386617,269,222,64,62
222,150089781082930251,0.2656651508555488,64,10,-69,0.4222404970760234,513,165,64,55
223,3085230486057583522,0.13494430927496492,38,4,-30,0.37569444444444444,405,93,64,40
224,2780515730965549742,0.5554320511060543,57,6,-73,0.14440684713375795,157,146,64,50
225,1547646767821593451,0.37716472016427915,40,7,-84,0.39408981876332627,469,141,64,54
226,3039671416632561245,0.561068784215124,39,11,-40,0.06392045454545453,176,147,64,53
227,2727200504857226457,0.44329341401393724,64,16,-113,0.29625,400,207,64,59
228,3619403466612735400,0.05559340873708656,0,0,0,0.03125,192,3,64,3
229,3499842270283421149,0.3249722159344413,54,9,-69,0.34872572815533975,515,163,64,57
230,2112734735613863091,0.2317086114467186,61,11,-60,0.48676049618320616,524,157,64,57
231,2367996267056686111,0.5074445575831777,44,11,-88,0.2874607740585774,239,150,64,55
232,2046068299850946401,0.36441085318278854,60,6,-42,0.49271285249457697,461,139,64,55
233,1288256996430933151,0.4996404504762853,58,5,-92,0.29137323943661975,284,169,64,55
234,532478419397182270,0.06043732907814544,0,0,0,0.06693620844564241,212,6,63,6
235,2097080519703982681,0.5304493423707791,59,5,-49,0.24588815789473684,228,139,64,48
236,810923619502256772,0.26771275065961836,75,10,-60,0.4961642599277978,554,166,64,53
237,1761627135366463685,0.4669940383350135,35,5,-70,0.29424931129476584,363,122,64,47
238,4319972853837722735,0.5370519196364404,57,10,-73,0.0958946078431373,204,165,64,54
239,4445321065076249395,0.45528862460164876,67,5,-105,0.25,304,181,64,57
240,1861656221345458203,0.24019352943196462,57,12,-51,0.5728369980879541,523,160,64,57
241,3168055022079534291,0.45849490332055004,75,7,-111,0.27261029411764703,340,183,64,57
242,4357797323918919565,0.30136697403244633,58,7,-97,0.4147995283018868,530,167,64,57
243,3861113629682891224,0.0665753317416849,6,0,37,0.13930084745762716,236,26,64,15
244,1006928247562076813,0.07267606531705673,13,1,-5,0.1960227272727273,264,44,64,23
245,1137260180509977501,0.527064878001383,75,18,-118,0.14684537914691942,211,209,64,61
246,3209042221791059553,0.2600441678513614,59,2,-31,0.43655660377358485,530,164,64,56
247,3403150982285602643,0.16313737596235484,45,8,-35,0.5100196188340808,446,149,64,50
248,1963752911497047159,0.43683900187674857,49,5,-39,0.3396282973621103,417,158,64,55
249,3906548300598875375,0.28639817858229444,70,11,-115,0.4828986220472441,508,211,64,63
250,4394512706749224883,0.032656836317852156,0,0,0,0.011666666666666714,120,1,50,1
251,1863697248445229267,0.3955738459952447,49,6,-45,0.48258426966292134,445,164,64,55
252,1805579395803081230,0.13898344501891244,31,8,-36,0.30792593676814983,427,98,64,42
253,1575060694436353610,0.12156337682031959,26,3,-3,0.41053650442477874,339,81,64,40
254,1507487169954554688,0.40616355451835107,70,12,-64,0.4429440045248869,442,179,64,59
255,1457782846340322737,0.5225512176539572,56,11,-55,0.23742219917012453,241,171,64,57
256,1982847512471239755,0.3310600462679043,87,8,-116,0.4776785714285714,504,206,64,58
257,625900826642312663,0.2286147810040076,67,9,-81,0.41228281853281856,518,175,64,60
258,433906391705971928,0.26539492643979656,62,11,-93,0.43082061068702293,524,162,64,55
259,479462115203915386,0.2630344878376443,58,5,-64,0.45215379341864714,547,150,64,54
260,374100561290226798,0.4021394640582836,48,9,-61,0.48194364988558347,437,144,64,52
261,2165832943380718013,0.5677637729293981,81,6,-56,0.07491554054054056,185,178,64,57
262,3296641614856239341,0.03557902658025872,2,0,0,0.0359201773835921,123,9,55,6
263,1467637088300268674,0.11101944796655697,23,2,-16,0.3068307522123894,339,55,64,28
264,3988132848069111397,0.1005762381022373,9,0,24,0.23124999999999996,320,27,64,18
265,2978905102515854216,0.15977429144944869,52,9,-33,0.4230567226890757,476,144,64,46
266,1761895293926076868,0.3322487291508331,71,6,-43,0.517059034416826,523,173,64,56
267,3458743864248098924,0.5671525136570303,45,3,-31,0.0437062937062937,143,132,64,45
268,4317942772802419025,0.3583041323009909,65,8,-44,0.49581771948608133,467,170,64,59
269,550150553048218934,0.27589447193644284,45,1,-36,0.3734645953757225,519,126,64,50
270,4228756133265762820,0.41369844015827933,56,8,-39,0.4319509345794392,428,135,64,49
271,2283923755662401195,0.22338485218694873,65,12,-96,0.4462682038834952,515,180,64,59
272,1855676521656056211,0.5580158744728648,57,10,-49,0.08000753012048195,166,168,64,61
273,2508723971492266463,0.39491216017166925,46,11,-96,0.3492239467849224,451,164,64,50
274,2399041605058123126,0.41874182575314134,55,11,-108,0.2970238095238096,420,167,64,58
275,71706948648449359,0.44079399732180485,56,11,-95,0.3535311671087533,377,162,64,54
276,1513815442252735510,0.062333687206201964,6,0,0,0.06679159416410119,241,15,62,8
277,1662033438390109155,0.18543836909326994,44,8,-80,0.49657489561586643,479,149,64,55
278,578879976505157515,0.15527103955977192,38,8,-35,0.3935185185185185,432,135,64,55
279,3068743687205426445,0.5293676493457327,59,5,-73,0.20206567796610164,236,147,64,54
280,890776195814326946,0.5108410208161183,66,6,10,0.16209349593495936,246,150,64,52
281,2458580457302561451,0.5155144803485961,31,6,-68,0.3723859315589354,263,118,64,50
282,1096909819546939372,0.27597962388194236,50,11,-89,0.46168816725978645,562,172,64,55
283,2387593506653032144,0.28802930800215815,62,9,-71,0.4874426605504587,545,163,64,56
284,281216098794237894,0.45629128440753974,65,8,-62,0.3460304054054054,370,171,64,60
285,4418548693590095129,0.10307183973599682,33,7,-17,0.2144446594427245,323,84,64,34
286,155179023139178702,0.2741016243080939,46,11,-24,0.5403846153846154,520,133,64,54
287,2231669202387106611,0.40813222275012745,44,3,-21,0.5072517942583732,418,129,64,54
288,944000056983951707,0.08257117007823978,8,0,32,0.30840726658217155,263,33,63,19
289,383001333097586758,0.10128504124500057,33,1,0,0.372005772005772,330,92,63,39
290,2338155010247892497,0.16704650005296837,52,3,-35,0.39692864806866957,466,134,64,48
291,1329136293883034268,0.1827989693489165,69,8,-73,0.5417520491803278,488,167,64,55
292,1863900157837913811,0.06468852550232944,3,0,0,0.044277360066833804,228,8,63,5
293,969712936982897766,0.34853309021112033,51,12,-29,0.4586538461538462,520,148,64,56
294,249651193732598188,0.45623894973665335,72,13,-68,0.332205118694362,337,193,64,59
295,4387858639656183667,0.5201073446721405,42,10,-27,0.1807245575221239,226,138,64,46
296,3846926704093946587,0.39573527392003705,89,6,-105,0.5177419354838709,465,213,64,60
297,114617562298607252,0.044997915547772736,0,0,0,0.0381892297790174,158,2,59,3
298,1620144788415564390,0.3989837158174333,58,7,-44,0.5223214285714286,420,179,64,56
299,384497518197173587,0.3094890052490742,48,6,-80,0.3978954081632653,490,153,64,52
300,1153865520404565812,0.518201883872712,43,10,-19,0.19110576923076927,260,144,64,56
301,4541102668789134279,0.15902789233861905,32,7,3,0.5516151685393258,445,127,64,55
302,369093451267762307,0.3904527121689531,57,3,-86,0.39278017241379315,464,172,64,59
303,2823232040616979056,0.046118649797459166,5,0,0,0.03919491525423724,176,11,59,6
304,1733354749473418842,0.14943941745565778,66,4,-77,0.41867732558139537,430,159,64,51
305,4444998578148089624,0.28399025126697613,75,4,-47,0.41538461538461535,520,156,64,52
306,1074329431929182817,0.47452205214343013,45,7,-59,0.32709364686468645,303,154,64,56
307,1359067426898631010,0.34343088618106377,64,10,-85,0.36354166666666665,480,188,64,60
308,580855759510455980,0.3267958617705282,71,8,-78,0.5660125968992248,516,181,64,58
309,2384592203655757377,0.3588853962110785,41,8,-97,0.3451336393088553,463,147,64,55
310,958989301927797436,0.2995120390947283,79,13,-143,0.34208250988142297,506,215,64,60
311,4105529846080595361,0.1251932820878438,49,7,35,0.3799867021276596,376,110,64,39
312,1748734403199610153,0.13644627432139175,60,3,2,0.35250327225130895,382,120,64,44
313,3346373763939032774,0.3869104984799945,63,7,-66,0.4962912087912088,455,153,64,54
314,2385561420474358074,0.5333813814875925,59,9,-75,0.16727941176470584,204,162,64,57
315,656596418792648941,0.07874138214490184,4,0,0,0.10369318181818177,264,18,64,11
316,3939403015317424716,0.47970226755541057,61,4,-98,0.30526901294498376,309,163,64,54
317,1234675290508189654,0.36742602763313204,48,9,-76,0.3508152173913044,460,159,64,58
318,1998437798869949153,0.1498682465825532,55,12,-69,0.3935977378190255,431,162,64,55
319,4387860314485213166,0.4048917971967599,72,10,-87,0.38559144295302017,447,201,64,60
320,3731104753851716707,0.46967559302851963,53,9,-51,0.4126506024096386,332,163,64,58
321,1226383429035504064,0.19524884628988176,63,5,-58,0.48591897233201586,506,160,64,53
322,2902307982380168752,0.1837547754712642,67,5,-46,0.3885161042944786,489,154,64,52
323,3029760578197649583,0.24483893568785162,43,7,-71,0.3868055555555555,540,149,64,52
324,2855010927109602009,0.2918289788107282,58,8,-41,0.4286317567567568,518,167,64,54
325,200387411754578449,0.27437155407806846,40,6,-29,0.464159604519774,531,131,64,51
326,4402175596476847790,0.13891434895660104,54,10,-22,0.37226080246913584,405,156,64,54
327,267426380581577681,0.29511296167924883,66,4,-80,0.44143606870229013,524,168,64,52
328,4475459032246967414,0.22917353668555057,47,9,-54,0.390875,500,132,64,49
329,3156278184864295768,0.43020699002629825,62,12,-67,0.430642144638404,401,170,64,62
330,3777331248802895600,0.1979074864568676,57,8,-54,0.5662627551020408,490,167,64,57
331,3486896330051085584,0.13986190483101163,52,0,7,0.48689277251184837,422,137,64,50
332,3146106406759355644,0.17879317606598127,37,5,-14,0.4279891304347826,460,119,64,49
333,1821541133170389365,0.3034103687250482,35,7,-41,0.4905357142857143,525,128,64,50
334,373526381312617148,0.5057051451359252,49,7,-51,0.2514150943396226,265,150,64,57
335,2858731725897442980,0.5385591910742136,53,6,-4,0.03325320512820512,195,159,64,56
336,3292404566812931029,0.4147690512169711,83,7,-96,0.518348623853211,436,197,64,57
337,4584387668948664825,0.13372652332636484,27,3,27,0.36601253298153036,379,83,64,37
338,3320410990641084625,0.37808568389072805,45,6,-53,0.4502212389380531,452,132,64,53
339,717584283516271880,0.15203230492761624,42,6,-39,0.5073702830188679,424,122,64,47
340,1699721452433760170,0.03509134431711065,0,0,0,0.020197044334975378,140,2,58,2
341,833117307087666546,0.2139301537589423,58,10,-87,0.43198708576998046,513,178,64,59
342,1039428766042591738,0.44390803241110377,74,14,-103,0.35302982233502533,394,204,64,58
343,2458127668945961665,0.3549620470114367,57,8,-60,0.4401734790874525,526,149,64,49
344,295560513527747660,0.35211541953944975,57,4,-38,0.5219665271966527,478,147,64,54
345,3945909797401820596,0.1808947960120357,38,2,-66,0.34540198237885467,454,122,64,54
346,3584272317950949885,0.5301302214931194,55,13,-82,0.18899521531100483,209,147,64,46
347,2238975746238972006,0.1548700980815654,61,15,-68,0.43279454022988506,435,172,64,56
348,2868227961290627491,0.3626351810432347,58,8,-58,0.3357875799573561,469,157,64,59
349,2729630195452007145,0.46802603268565685,62,3,-67,0.32336956521739135,322,144,64,50
350,2556540652343759590,0.3220618881121669,82,10,-83,0.4098850844277674,533,181,64,54
351,736099276851843784,0.09200498034840897,26,0,41,0.330812101910828,314,71,64,30
352,4239640501944832386,0.568914072878488,47,8,-22,-0.05526426174496643,149,135,64,50
353,500758539396864073,0.4846319138373328,61,11,-82,0.31387711864406775,295,183,64,54
354,4284550935652565343,0.5215558905290559,47,6,-48,0.20472383720930232,215,135,64,53
355,2914676210051263594,0.2873913928477677,63,7,-65,0.4125878514056225,498,163,64,53
356,3076418656165749502,0.5093922196514886,66,13,-68,0.20155622489959835,249,189,64,58
357,206815962314001177,0.17078807996753917,51,8,-14,0.5740266393442623,488,138,64,53
358,1539544371835627368,0.03329040557897766,0,0,0,0.0,98,0,55,0
359,4081807115271295104,0.4794050676456844,53,3,-13,0.3830275229357798,327,133,64,49
360,3489209962382093602,0.5466790419911776,78,11,-107,0.16060450819672129,183,212,64,59
361,1109772669363871628,0.1423963369843824,29,0,24,0.4757593457943925,428,80,64,41
362,636239392999175031,0.42390321213350396,57,5,-31,0.5005647590361446,415,141,64,51
363,4610004069556702708,0.1228550952393784,26,6,1,0.43300128534704374,389,98,64,45
364,3004650821401530829,0.03623959369982923,0,0,0,0.035343581658126344,129,2,59,3
365,224009781875134625,0.1653609922033893,36,6,28,0.4445043103448276,464,121,64,52
366,2053524301905959627,0.5029782660318632,67,14,-104,0.3233097484276729,318,190,64,54
367,2420182487991560873,0.4330488968988952,54,3,2,0.423859126984127,378,139,64,54
368,3788791386587016200,0.13740527788475443,47,5,-65,0.32291666666666663,384,115,64,46
369,741620515530013401,0.556603119994631,58,9,-30,-0.41091008771929827,114,157,64,56
370,2700545722201452280,0.4695318456055775,51,6,-55,0.32598325545171336,321,156,64,55
371,85905139709525342,0.40262768264892784,65,11,-49,0.416427752293578,436,174,64,60
372,230092524942110789,0.27614482112921074,46,9,-56,0.4924988140417458,527,167,64,57
373,3752381861317389850,0.3139850243725676,47,5,-23,0.47407280219780223,546,131,64,53
374,2184165049422872829,0.18327203175288503,58,9,-25,0.46169354838709675,496,168,64,57
375,916109910073223187,0.503481072918574,59,5,-46,0.2635374493927125,247,143,64,55
376,1453329585559728177,0.30325135342228376,39,11,-43,0.466796875,512,140,64,54
377,4495729253329695991,0.16356280221061786,45,9,-25,0.5491272522522522,444,135,64,46
378,2886141691802174666,0.24175016038380925,52,2,-72,0.44800101214574894,494,144,64,56
379,319234096271033020,0.17346806743591422,56,6,-28,0.4081387362637363,455,148,64,54
380,4275955177930190360,0.49969543948873124,44,11,-35,0.352076802507837,319,142,64,58
381,1205339737407488760,0.21193412224992442,62,2,-40,0.45744614228456915,499,147,64,51
382,3997938314644866793,0.16229130198602576,60,4,-47,0.5082218109339408,439,160,64,50
383,327786907928431073,0.44851507391254797,54,7,-93,0.2980395962732919,322,153,64,52
384,2938851159044811659,0.07184796854416242,5,0,2,0.2914402173913043,253,31,64,23
385,3676259210933811032,0.14255378634506793,36,2,-19,0.33425245098039214,408,93,64,34
386,2157848239171190135,0.4558890646287159,52,6,-49,0.3284761235955056,356,149,64,52
387,2259740411577324138,0.30523021596622174,64,9,-73,0.38020833333333337,510,158,64,55
388,3607790065671246448,0.29224045076766236,62,13,-57,0.42906191806331473,537,179,64,58
389,948462669790371280,0.1106738196617346,21,0,0,0.16089766288951846,353,48,64,19
390,293861372122563069,0.214593451912083,62,10,-59,0.4243588262476895,541,176,64,59
391,2014734635370035622,0.18456866757813858,58,6,-68,0.4536913646055437,469,163,64,57
392,1174736902693253850,0.43731833626086825,67,12,-98,0.36920103092783507,388,173,64,53
393,2087298420371474941,0.28709834012735275,62,7,-95,0.40716019417475724,515,175,64,57
394,3794479815146603036,0.12452822119431788,42,2,-37,0.24341687817258884,394,95,64,32
395,1375870654942575083,0.44140314204448233,51,7,-40,0.35254726890756305,357,154,64,58
396,3815491689720533235,0.2409060546489913,52,5,-10,0.4749306839186691,541,125,64,46
397,1268922782761025151,0.04473162812486424,3,0,27,-0.012745098039215641,136,11,60,7
398,811408957928189197,0.11276488375051961,29,3,34,0.4351165254237288,354,83,64,39
399,80652934912758691,0.4160453412619744,47,4,-77,0.35400883838383834,396,141,64,55
400,3869292365879490001,0.5629599333374522,55,7,-54,-0.10829741379310343,145,149,64,53
401,649740249531272949,0.27111204262080124,65,13,-103,0.4717445445920304,527,192,64,57
402,4543995387356315193,0.26482706857408556,48,5,-25,0.4062211182994455,541,118,64,47
403,1160040587579068292,0.3165529828722699,62,5,-48,0.480668880455408,527,157,64,57
404,3393167531799797124,0.13126283582436526,39,6,-34,0.34895833333333337,390,99,64,41
405,1756445804641741270,0.379280473320403,77,8,-114,0.35685706401766004,453,193,64,58
406,2305208200173259675,0.08748744359581684,22,0,3,0.2876008064516129,310,58,64,24
407,4376660221123798038,0.17841053826871203,38,3,-52,0.3677083333333333,480,123,64,47
408,2712106803717727251,0.15200780010100118,30,3,-53,0.4170673076923077,416,107,64,47
409,2324557497046590746,0.44799715392385736,63,3,-75,0.45252732240437155,366,161,64,53
410,3460916677565358884,0.5206047004974542,49,5,-56,0.23725156903765687,239,130,64,48
411,3325108311562414487,0.16668011460935758,52,3,-68,0.36089601769911506,452,145,64,47
412,2516384815939029666,0.5262557207720994,53,13,-71,0.20779914529914534,234,154,64,52
413,496902406079235982,0.19054197199640843,41,0,-41,0.3135931069958847,486,124,64,46
414,962017182699592229,0.4584572182685705,51,7,-80,0.30939226519337015,362,149,64,54
415,2690384980208033412,0.163353443308182,64,6,-101,0.43173640724946694,469,155,64,52
416,1232228204295567367,0.13492325087717016,33,3,-16,0.37460741206030146,398,97,64,40
417,3353747515224208795,0.3870512830352154,74,12,-57,0.4358552631578947,456,186,64,62
418,1113938653621565543,0.06613010261358246,9,0,-6,0.11782661782661785,234,23,63,14
419,1620137452717559825,0.20793627516767849,69,9,-57,0.5125851167315175,514,171,64,51
420,4421899716512038456,0.24491579604238473,46,11,-44,0.44209558823529416,544,152,64,54
421,4231923966794282020,0.3414433187247365,53,10,-17,0.4390120967741935,496,148,64,53
422,380129077254757649,0.09746521509420815,22,2,9,0.20906718851924333,292,69,63,28
423,3807493219526689234,0.39802120583288225,64,10,-66,0.3872003424657534,438,177,64,57
424,2441483133826383274,0.2285147383794135,50,7,-27,0.4777912621359224,515,135,64,54
425,545954438624396248,0.26099929117424026,72,13,-136,0.35770515267175573,524,186,64,57
426,2532922705689117304,0.19272602194034902,50,14,-28,0.40990344467640916,479,146,64,57
427,3973706426132897970,0.17335218255918494,56,13,-35,0.4557902452025586,469,151,64,54
428,1111494381911461227,0.28723682992587785,61,9,-58,0.4584544573643411,516,152,64,48
429,806770710952049062,0.5734736144337921,48,12,-29,-0.32685467479674796,123,148,64,56
430,4300616846737511854,0.5149859412347929,84,6,-79,0.2701612903225806,248,198,64,57
431,1206616635821613741,0.07571731366009096,3,0,41,0.31595271535580527,267,29,64,23
432,4393423210538982083,0.5359759308787402,53,10,-36,0.019465782122905007,179,136,64,54
433,1931843454367101619,0.21164683987525942,69,10,-95,0.4268192190669371,493,185,64,55
434,965954048325856241,0.056398052761886114,0,0,0,0.05544163438900285,209,5,63,5
435,2778401820107044557,0.4664009558455701,57,13,-42,0.33373955431754876,359,169,64,60
436,1479695538142131076,0.4471080811770062,50,1,-27,0.40974025974025974,385,158,64,57
437,4553316420088055762,0.42076819466700527,70,5,-82,0.4175067204301075,372,165,64,55
438,21655809168657376,0.33242924237320204,91,21,-120,0.451839953271028,535,221,64,55
439,2908926816972859350,0.32119139111743433,38,9,-61,0.4231945777351248,521,158,64,59
440,1049922420320994783,0.2744950192416988,49,7,-39,0.5202448210922788,531,161,64,58
441,3151846641481817033,0.05670123621068532,8,0,0,0.10434650916250199,213,19,62,12
442,3633741038238532867,0.17647799063884878,63,3,-62,0.4219708588957055,489,146,64,50
443,2146136989252475797,0.5146250699132872,58,6,-34,0.21407710280373832,214,142,64,47
444,1028236923198946933,0.3397163757228363,49,11,-72,0.5351880081300813,492,170,64,57
445,3742213054426900196,0.5702438758693479,55,5,-55,-0.08723021582733814,139,154,64,49
446,1334346392633388681,0.5575459363108957,61,7,-41,0.06293645251396646,179,150,64,52
447,3884856632740304034,0.37639962982230524,81,7,-95,0.5417542016806722,476,209,64,62
448,1322500034232505837,0.23791649531218864,74,8,-70,0.47854291417165673,501,206,64,58
449,3592044169194508613,0.3324287595153336,68,4,-95,0.45595723014256617,491,178,64,58
450,800621372054473856,0.033584166222563154,0,0,0,0.0,132,0,58,0
451,679760597956895110,0.4443144872345143,61,8,-84,0.2680900127226463,393,169,64,55
452,1328349472895941963,0.3585849009397311,64,4,-79,0.5252016129032258,496,175,64,60
453,3203890544025192891,0.37180580781114353,50,12,-79,0.43448464912280704,456,173,64,61
454,1576127228829153049,0.16198227414443045,54,5,11,0.47170796213808464,449,135,64,52
455,931647926077750022,0.4291290757175992,63,10,-71,0.44146696891191706,386,172,64,57
456,3763281147016771444,0.12853115450021063,39,3,18,0.3479219143576826,397,92,64,41
457,1555595075817886474,0.1414000919158463,45,1,-18,0.4509146341463415,410,115,64,51
458,1248331646859504044,0.1858042013353207,42,6,0,0.47939908722109537,493,118,64,51
459,4251999712598780696,0.06841164371412728,0,0,0,0.060319958038290045,246,5,62,5
460,628179910809706248,0.22858320914901642,44,6,-42,0.44559631931166344,523,144,64,54
461,4451761993611909064,0.27919307680200817,64,5,-4,0.5494653880070547,567,162,64,56
462,763943174814676162,0.34879108018104865,35,6,38,0.6077066221765913,487,115,64,46
463,2053992044047288239,0.47279240249082094,83,9,-100,0.34288477198697065,307,201,64,59
464,616362335460226060,0.3959570168937185,67,9,-72,0.4114947552447552,429,177,64,59
465,1517695059257796433,0.31479958749830006,33,5,5,0.538705268389662,503,117,64,49
466,3829761883449203462,0.44341269154111157,40,10,-33,0.40232329842931935,382,130,64,55
467,4495956886370525618,0.22588131459649907,49,6,-35,0.45950746628131023,519,129,64,50
468,4145500215583705611,0.07422616567027668,4,0,0,0.09965842877235287,237,14,63,10
469,1001320082113321024,0.08680194112229202,30,0,-27,0.2945489482200647,309,76,64,32
470,2551332855608916207,0.11229524756700278,46,7,3,0.4279989193083573,347,125,64,51
471,1996896851349214067,0.39573614026628223,61,11,-93,0.3865343347639485,466,175,64,59
472,4042916960655178064,0.13971123645542713,34,7,-30,0.27869106699751856,403,94,64,38
473,610706296693862389,0.31762969184741047,63,12,-85,0.40805984555984554,518,165,64,58
474,3526795851585610059,0.5769338116183342,48,11,-13,-0.28125,127,140,64,50
475,2459823498691434693,0.10831745854989669,36,0,4,0.32986111111111116,360,91,64,37
476,712851097271159914,0.26818658608569185,73,4,-104,0.5259030418250951,526,189,64,55
477,199943446347511180,0.1663113845795992,51,10,2,0.5419836956521739,460,144,64,56
478,3140536836937965113,0.5557515228316933,51,9,-69,0.10824742268041232,194,145,64,52
479,4477061763954765845,0.30206508513895725,42,16,-39,0.5879360465116279,516,171,64,57
480,1403919028268701418,0.07745882876740824,13,1,15,0.19133674377224197,281,41,64,19
481,2179910776639731749,0.24668950119102284,60,5,-47,0.5168981481481482,540,156,64,54
482,4282538632309622828,0.5545467835068371,54,11,-46,-0.10590277777777779,135,151,64,53
483,3386848513214944252,0.2575971656011533,55,11,-102,0.31076388888888884,531,161,64,52
484,800325714903679500,0.46857066387973867,59,15,-69,0.33169642857142856,315,186,64,58
485,1430507550078324788,0.533021155648656,88,7,-87,0.24181547619047616,210,197,64,55
486,1633734942448973467,0.5564318562437147,48,11,-49,0.18476007109004744,211,132,64,49
487,1465069889910213845,0.2258837064956579,68,10,-92,0.41466346153846156,520,177,64,54
488,824500809950339872,0.5104011047729491,78,6,-98,0.35233778625954193,262,194,64,58
489,4568103138690928343,0.24681762619324327,58,10,-77,0.486903901734104,519,173,64,57
490,3610880134226182473,0.27213236758575554,69,8,-68,0.5397727272727273,528,179,64,57
491,2236161408104855521,0.17919493274802598,64,8,-13,0.465241683991684,481,165,64,60
492,2248664246284222014,0.4486741858387052,67,7,-93,0.39698561946902655,339,165,64,57
493,4050082471231133519,0.21963941313093296,69,9,-66,0.49616175048355904,517,173,64,57
494,158052259252528203,0.15023665764193683,35,4,14,0.48510514018691586,428,86,64,40
495,2352457921915412460,0.3505302982640378,47,5,-34,0.3911502100840336,476,123,64,52
496,2247902505498035191,0.06462501111079162,2,0,0,0.05688364055299544,217,8,64,6
497,3771243330776797509,0.5275648185698235,70,8,-84,0.24942129629629628,216,182,64,54
498,2686762734956316559,0.18409170807032385,50,4,-47,0.3700328947368421,475,131,64,51
499,1592112649195312418,0.07690112659420134,18,0,1,0.18273492907801414,282,40,64,17
500,398203397823546903,0.039537206006123454,0,0,0,0.03103448275862064,145,3,58,3
501,2071539709846417356,0.43751383102813807,38,9,-13,0.513910536159601,401,139,64,60
502,2315014628488674580,0.40393264647135174,84,8,-107,0.326875,400,195,64,57
503,1439365190696451701,0.09322909841023809,29,2,38,0.2826844262295082,305,95,64,38
504,1020590040652192780,0.23973770459067267,56,5,-13,0.4925480769230769,520,155,64,56
505,3078712774973497058,0.5016883526634947,49,5,-41,0.2139328063241107,253,145,64,50
506,4538654777394194223,0.37376444031855766,52,10,-57,0.3738768498942917,473,161,64,57
507,1014024387938502700,0.4042220331899524,51,7,-21,0.45543981481481477,432,155,64,54
508,2455565493081217740,0.3792600822026208,62,8,-59,0.48582542194092826,474,162,64,56
509,2683231448151585170,0.37930716519214913,48,5,-50,0.43290441176470584,459,131,64,54
510,657099375633034655,0.3767888509089901,61,9,-69,0.44056372549019607,459,168,64,53
511,1963374449824441538,0.3627150635355837,61,10,-37,0.5441013313609467,507,181,64,56
512,1241317842689041900,0.392118242389061,48,7,-29,0.5182119205298014,453,134,64,51
513,1052804417936627973,0.5262423311677211,48,7,17,0.1209177927927928,222,140,64,54
514,1342956578625952578,0.30332367691587764,83,9,-93,0.4474261022044088,499,205,64,62
515,2642425310424246241,0.19456805277607675,57,2,-89,0.4320524530271399,479,144,64,51
516,4032084820236008188,0.3164506545041454,53,7,-73,0.33803353658536583,492,145,64,55
517,3559327940999028513,0.2096928762116282,72,10,-86,0.4852238430583501,497,171,64,57
518,1749673600032956033,0.47803588340197267,74,10,-109,0.2536764705882353,272,193,64,57
519,1851196410510169360,0.4054638795580353,62,7,-47,0.4693287037037037,432,175,64,58
520,3547807836492315127,0.49137687150616016,39,4,-25,0.3467363481228669,293,134,64,53
521,4340021705242189790,0.3841238072393271,68,11,-118,0.5696339086859689,449,206,64,61
522,2740511208552725327,0.3667757890067599,60,1,-40,0.4257489669421488,484,144,64,55
523,3460993276485493603,0.22316763526873354,60,6,-93,0.36072303921568627,510,172,64,59
524,1141994787306531784,0.23252410565538356,62,10,-29,0.5281606463878327,526,195,64,54
525,1084007021869084868,0.40302819050380884,92,3,-51,0.48163507109004744,422,217,64,59
526,674157419026838166,0.46862835414642523,68,14,-53,0.40738981762917936,329,176,64,57
527,1253877083103144986,0.17037627672718691,49,6,-38,0.4151785714285714,448,153,64,50
528,1570347032200255218,0.479887623453102,66,9,-72,0.42206268768768773,333,176,64,59
529,1076704330665326837,0.13682607734978458,46,7,-39,0.3956755050505051,396,136,64,44
530,2393828646540095028,0.1969293084002777,59,4,6,0.48795145403377116,533,142,64,48
531,2994556156985183861,0.5489427088085458,65,4,-42,0.06383689839572193,187,182,64,59
532,2118294280265170924,0.3126794018991685,35,7,-22,0.4958832335329342,501,118,64,45
533,176739598197586039,0.05702653031221497,10,0,-3,0.050821667681071214,212,23,62,11
534,2971299790143790271,0.5017662181081827,69,6,-104,0.21932339449541283,218,172,64,57
535,4040335094504368646,0.37986286974316114,75,6,-87,0.3817534381139489,509,179,64,59
536,2663286497415873705,0.5531772193915476,69,14,-49,0.034121621621621634,185,193,64,58
537,274534671617460450,0.3621413910870758,53,9,-46,0.4393168604651163,473,156,64,58
538,2990949178689259687,0.13898190850683204,39,3,-11,0.4132683215130024,423,127,64,48
539,2843938007469764881,0.3766012568902581,59,12,-71,0.34599199779249445,453,162,64,55
540,588124309609471596,0.24034741276510965,46,5,-45,0.46005952380952386,525,148,64,52
541,1483486370091052551,0.20236718986290964,48,7,-31,0.5290904471544715,492,132,64,51
542,4402980216922027245,0.27541235746593457,56,18,-72,0.45435779816513766,545,165,64,59
543,3139129635319591968,0.4179304679603696,64,7,-29,0.44451530612244894,392,161,64,53
544,2046557664578519512,0.5770481870827386,42,9,-9,-0.20153985507246377,138,136,64,52
545,4575555050726255469,0.5644980555740782,43,8,-17,-0.07105891719745222,157,141,64,54
546,3639430430589643498,0.3248285003708387,65,4,-41,0.46390931372549016,510,163,64,55
547,3652356924947337425,0.13176881510502678,50,7,-34,0.28466420308483287,389,136,64,50
548,1896641557512915874,0.08058746095551295,23,0,1,0.3060169804355851,301,55,63,26
549,3597661089802585133,0.3324769714536748,66,7,14,0.5119854417670683,498,159,64,47
550,967770505479154447,0.3702808332377226,67,8,-69,0.3319989669421488,484,173,64,53
551,2708687807016564817,0.4886081477561815,79,6,-115,0.38008860153256707,261,183,64,55
552,257104248678148214,0.4706817277228553,66,9,-63,0.344437893081761,318,187,64,60
553,4015050904597659654,0.3558598435920405,65,5,-83,0.4399535123966942,484,165,64,58
554,2576365411583497743,0.49379928498384734,47,3,-29,0.30866133217993075,289,143,64,56
555,1221401802872169156,0.493437371701005,70,6,-65,0.36373106060606064,330,177,64,56
556,300553221700539444,0.31621659510394634,56,7,-54,0.3963572485207101,507,162,64,61
557,2213942973221871821,0.40083657189011845,67,8,-41,0.4296345936794582,443,176,64,55
558,968005450485081015,0.12421744942810581,24,4,-12,0.36458333333333337,408,80,64,43
559,1425552973503153670,0.39147445147618626,52,12,-79,0.33911184210526313,475,148,64,52
560,2716919201660701208,0.25694366204511326,66,13,-77,0.48401921252371916,527,176,64,59
561,151911551326865207,0.48580884154129483,54,8,-32,0.24859842192691028,301,150,64,58
562,3377471572279813102,0.2660104538560023,76,7,-63,0.5462264150943397,530,171,64,56
563,3378584702539120681,0.575212219254294,42,4,-38,-0.03258928571428571,140,141,64,52
564,2293123821520745060,0.3912803385219426,57,7,-69,0.3964120370370371,432,161,64,55
565,3185260821374405807,0.4705192049529724,71,10,-75,0.36801118210862616,313,175,64,57
566,3649674538022868190,0.4066766134300968,63,6,-82,0.3183772935779816,436,168,64,55
567,1030531747001077545,0.03479154412674297,0,0,0,0.03245614035087718,114,2,60,3
568,4097554590649815093,0.3929675368606462,54,9,-51,0.49122807017543857,456,169,64,55
569,1632044175687284814,0.5717476683225307,80,6,-51,-0.1500428082191781,146,171,64,56
570,1881431481143932927,0.4391494435048887,67,7,-25,0.426441018766756,373,169,64,56
571,1517851701726951706,0.45263624787814943,60,12,-47,0.29225746268656716,335,148,64,57
572,2093332618264749936,0.15331326890701,18,1,42,0.400625,450,66,64,35
573,454794122479583400,0.38408728043845236,47,3,-45,0.5260645604395604,455,154,64,60
574,3281523993299541342,0.39757415329763,68,9,-71,0.4270702141057935,397,193,64,58
575,748975841566374078,0.5470119025915637,56,2,-42,0.17233231707317076,205,138,64,52
576,1719611925751986884,0.5675126288573067,36,7,-49,0.019709967320261423,153,144,64,54
577,181326635328277340,0.25534845588719113,61,5,-51,0.38479477611940294,536,163,64,58
578,2305561382663005867,0.3205172486515955,59,10,-111,0.4372859589041096,511,167,64,57
579,134643620765440909,0.21094585844683636,55,8,-53,0.45252519193857965,521,151,64,51
580,4403699873617424486,0.4079830480054774,52,11,-43,0.3016169154228856,402,173,64,61
581,3410664345978141550,0.49687824116057144,54,9,-31,0.3065025252525253,297,172,64,56
582,4451234880090084920,0.3860948198037206,71,9,-80,0.4670448218262806,449,186,64,56
583,3179570427929888701,0.39500745117763003,51,12,-43,0.5074193107221007,457,161,64,55
584,1751432505898989877,0.052512184303683866,0,0,0,0.04196721311475404,175,7,61,5
585,555920567206177698,0.3603887808356829,44,7,-53,0.4034665991902834,494,147,64,57
586,1228381281526445722,0.17613599953224457,72,4,-52,0.463125,450,160,64,53
587,1131294200827152973,0.22630567906725077,55,6,-107,0.43225049407114624,506,165,64,58
588,3797653403871474766,0.263890609448051,53,6,-92,0.37714694656488545,524,140,64,48
589,534181605014431899,0.3233324105486811,83,8,-78,0.5977760736196319,489,183,64,57
590,4164660539519812007,0.5134433717738873,49,4,-15,0.30615421455938696,261,139,64,45
591,18868134870026336,0.27937742850641667,61,4,-46,0.4678802783109405,521,136,64,51
592,919246864411201005,0.31174863834756605,51,7,-77,0.4119396950092421,541,150,64,55
593,1681390422886063394,0.26947015938450936,48,7,-42,0.5735294117647058,544,138,64,51
594,2845643992985000962,0.44982852898138315,68,8,-95,0.3866356382978723,376,167,64,56
595,223553253381905511,0.2429264413160333,34,3,-38,0.36308262711864403,531,119,64,50
596,4528718083382858262,0.4854646182867554,58,2,-75,0.2554166666666666,300,139,64,46
597,605892269307564808,0.4299243873085495,56,7,-45,0.3461941340782123,358,156,64,55
598,114032326518592669,0.13370782041909576,39,1,26,0.3475765306122449,392,95,64,40
599,1613556752521001262,0.25905744107562506,62,9,-52,0.5228365384615384,520,162,64,52
600,3575423902156681439,0.12055318666357234,48,9,-48,0.34759615384615383,390,144,64,49
601,2162187503065442226,0.178833367317991,39,6,-5,0.3827083333333333,450,107,64,49
602,2541976448666782992,0.10644511480296928,26,0,23,0.2895331325301205,332,78,64,35
603,1549770333147612245,0.10879162155177059,35,3,7,0.39256678281068524,369,100,63,41
604,346339083115635722,0.4890349240560739,56,13,-2,0.2587638376383764,271,169,64,56
605,1706273577793674786,0.4934256628647468,56,9,-49,0.22694421824104238,307,176,64,57
606,2366545231637106036,0.5213527675682967,61,4,-80,0.19835592369477917,249,159,64,55
607,2780964830566554697,0.5483607974984825,41,7,-7,-0.022943037974683556,158,139,64,54
608,4270527073001633058,0.4029003491304914,64,7,-79,0.39602272727272725,440,166,64,55
609,2592268017996951032,0.49200359237170405,54,3,-51,0.276857206405694,281,162,64,55
610,3981701155037866772,0.11222955599423043,31,0,23,0.37431129476584024,363,68,64,36
611,1786904368929536228,0.4155669734136652,64,5,-83,0.38409514925373134,469,174,64,57
612,3425804563857020798,0.5222759675791648,72,7,-75,0.28778765690376573,239,178,64,56
613,1450594202305478499,0.2821272838093265,45,10,-69,0.3725023234200744,538,146,64,52
614,4229648780792725086,0.10782720781187065,27,1,-20,0.2471247980230017,334,70,63,30
615,3540039513475451253,0.5671113522648428,48,10,-71,0.0389554794520548,146,152,64,56
616,3892228887159897022,0.362794563819344,61,14,-81,0.40451002227171495,449,180,64,59
617,4071438074087835978,0.05496344664741046,6,0,0,0.06534325889164605,195,25,62,12
618,1446248827036148008,0.48565260424261186,62,15,-104,0.30851510067114096,298,189,64,58
619,1382240657988686254,0.37745821221180953,87,12,-96,0.35451680672268904,476,195,64,60
620,2934687611592444532,0.4634811678114205,61,6,-108,0.4121527777777778,360,179,64,62
621,3549556727770121562,0.07514987082493939,5,0,0,0.0859375,256,14,64,9
622,286910796283172967,0.4593707672716142,51,2,-21,0.32206544321329644,361,136,64,54
623,2585326697269106733,0.11621961540075586,27,2,-35,0.38807397959183676,392,85,64,42
624,3752103647317123634,0.400063188483198,51,10,-39,0.3676636568848759,443,153,64,55
625,2658486379716406053,0.22033462055119712,54,17,-56,0.38692602040816326,490,165,64,59
626,1671566501521191093,0.33714694588690314,74,15,-61,0.5184041501976284,506,194,64,59
627,417902927040109754,0.10597611505909206,69,3,-98,0.3552969208211144,341,158,64,50
628,1803238030829669765,0.4046449397978688,68,9,-62,0.48696192052980136,453,167,64,52
629,2868954587957647076,0.04419657580352034,2,0,0,0.01948536267014722,173,5,62,3
630,125985471070954378,0.08443429381511483,37,0,-21,0.3487919329073482,313,83,64,31
631,1461016138600989603,0.5798507521799748,51,9,-50,-0.025966726618705027,139,147,64,52
632,1752941246025231119,0.21421613876509413,32,5,-31,0.48662889863547754,513,110,64,48
633,3515922116924100860,0.05916245661803656,10,0,75,0.11708515283842791,229,27,64,13
634,3557958071293706415,0.3785404962673126,51,7,-44,0.47813189845474613,453,153,64,57
635,3054045402418583547,0.08249953696959031,23,2,-12,0.22609368950832365,287,61,63,24
636,2487451110723727439,0.4085188785148071,78,13,-145,0.32334183673469385,392,202,64,56
637,3610019770700944030,0.1258932608348059,28,0,-9,0.3143820028011205,357,92,64,40
638,2810750463292845203,0.5413628841785165,50,3,-67,0.23349223163841804,177,128,64,52
639,2407657346302323521,0.10038977288078614,14,0,1,0.23544973544973546,324,41,63,25
640,1334274878480491021,0.41666488437461385,65,16,-85,0.4063907657657657,444,189,64,58
641,1657830206751136727,0.4563239470135929,49,6,-51,0.32372032640949555,337,142,64,52
642,3469322128206732778,0.5416047301733479,60,7,-50,0.2292203608247423,194,148,64,59
643,2342652069658649440,0.16528289904249924,60,7,-46,0.44756944444444446,450,161,64,59
644,373257785050953312,0.5611746488470671,39,3,-1,0.01817375886524822,141,113,64,47
645,2537520965142532827,0.081271489335429,24,2,24,0.24515682656826565,271,62,64,25
646,1644707083273716858,0.07888726434035112,26,0,-19,0.3461560187538836,281,60,63,24
647,4274997377185441952,0.20357708968042973,60,11,-52,0.48046079429735233,491,169,64,56
648,1611826565143346228,0.2002405332398075,61,8,-77,0.3714717741935484,496,164,64,53
649,4149431085422003781,0.036628267110743754,0,0,0,0.009428879310344862,128,1,58,1
650,538400533810749076,0.40707034247726714,58,9,-97,0.3918042452830188,424,176,64,59
651,4481140221403371891,0.2589147810365127,46,6,-49,0.49796195652173914,529,141,64,50
652,459633579120787571,0.457007158693657,60,3,-74,0.33386299435028244,354,166,64,55
653,3440149047067128337,0.31056428713350137,53,8,-70,0.5257352941176471,544,158,64,57
654,569911094516579288,0.21941507333954136,59,8,-52,0.4637266355140187,535,155,64,54
655,510737061625266635,0.4689098403780166,49,8,-39,0.26934523809523814,336,148,64,52
656,235798223320366194,0.40659994843938746,51,14,-79,0.41559509569377995,418,160,64,56
657,3575536216504474704,0.04471099084826639,0,0,0,0.03708766174594491,177,2,62,3
658,4454105339760446903,0.5767466949719618,67,6,-46,-0.2363138686131387,137,164,64,58
659,2678612680817429157,0.45406456493959957,63,8,-77,0.3861607142857143,336,173,64,59
660,3131628307529642701,0.2556330241916109,57,6,-61,0.43939393939393945,528,159,64,57
661,4208867900512856581,0.30456493813205987,66,8,-8,0.4692199248120301,532,174,64,54
662,1317008651322366240,0.43881129911752115,52,6,14,0.4677473262032086,374,150,64,56
663,1347936738380504514,0.14055235800739063,32,5,26,0.39789603960396036,404,91,64,38
664,3225823065597896413,0.5457580460448231,58,10,-114,0.19707661290322576,217,156,64,50
665,3828097889622370429,0.24275242753918833,56,13,-84,0.4202607212475633,513,173,64,58
666,218695867286545543,0.27779406924926564,58,3,-62,0.49005681818181823,539,160,64,59
667,891811506091383456,0.5277993868948555,59,9,-54,0.2497878959276018,221,168,64,54
668,2372427061508129615,0.12892004591046385,43,5,-13,0.4507694723618091,398,101,64,39
669,1955467782175986556,0.2970490267442613,56,9,-31,0.4403089887640449,534,163,64,57
670,210303657763824540,0.4519860308594445,54,10,-62,0.4703995601173021,341,168,64,58
671,3090309717654711588,0.19079894543623,65,15,-99,0.47606803797468356,474,177,64,58
672,2765911596616257205,0.41761548930792125,55,11,-39,0.32414215686274506,408,149,64,49
673,1700014435632388220,0.51968886494651,71,10,-80,0.2386766194331984,247,187,64,55
674,4080960001291680003,0.4689318708459474,60,6,-33,0.3619485294117647,340,149,64,50
675,3794912786408835422,0.22560163356200036,53,10,-63,0.50390625,512,157,64,57
676,2176445543114232060,0.17488509645798744,63,13,-19,0.48740131578947365,475,166,64,53
677,758645622765336284,0.23426979343399512,58,12,-85,0.49051443202979517,537,174,64,59
678,3549197010465096514,0.15867442120006542,45,10,10,0.4861528993435449,457,132,64,51
679,795521286912550992,0.2756171078571483,69,10,-61,0.5052668539325843,534,175,64,55
680,3346423510797255299,0.24460481441151857,82,7,-78,0.48812984496124034,516,197,64,58
681,1113635043666068901,0.23741851200032096,46,11,-53,0.468037072243346,526,152,64,56
682,271617772450386124,0.37903630829091367,47,13,-37,0.4285121681415929,452,147,64,56
683,1381918129099674655,0.03980018167983046,2,0,0,-0.0019885108263367757,146,5,62,2
684,194869620738915106,0.07214077405242016,18,1,5,0.2400634920634921,250,58,63,27
685,2327492434009386845,0.25125420048388897,56,9,-23,0.40698014018691586,535,148,64,56
686,907875886698170089,0.47313399729145156,57,14,-73,0.29453855140186913,321,154,64,56
687,1486941766609622024,0.1782853429030561,37,3,-29,0.4860864604462475,493,136,64,51
688,3650221335281192256,0.3750220108988128,60,3,-15,0.5219151498929336,467,158,64,59
689,2955051942476475614,0.4056728499457672,67,13,-75,0.4773133116883117,385,186,64,58
690,1573781139380040967,0.24239645786087122,66,10,-54,0.5290476190476191,525,170,64,58
691,899944539174200406,0.3690494099640696,76,9,-101,0.38865131578947365,475,191,64,57
692,3197501472880206303,0.13533472910877128,45,1,-28,0.336602798053528,411,108,64,45
693,3949420448310497285,0.318187375264255,79,4,-87,0.45963779707495434,547,186,64,56
694,3536158701089754385,0.1614536247251171,35,6,-5,0.4744955156950673,446,100,64,40
695,483537531291490794,0.5306520994061353,49,4,-45,0.21868407172995785,237,145,64,49
696,709079895430339075,0.3262401618070096,70,7,-72,0.561364722753346,523,187,64,58
697,3134704353498515370,0.37906021206875873,62,5,-87,0.3251028806584362,486,172,64,59
698,928694450281503536,0.47520587250554186,66,5,-112,0.3545489296636085,327,180,64,56
699,611039390532791420,0.054290410291361724,5,0,24,0.12209484924623115,199,17,64,8
700,3529995237899394602,0.5330057324630448,61,6,-53,0.3422379032258065,248,158,64,53
701,3826295741782342796,0.19458503675301608,63,3,-9,0.4327555668016194,494,158,64,55
702,1982442782912360789,0.5477696918686834,74,8,-54,0.06634358288770054,187,176,64,59
703,3357757113499176920,0.2462712888965879,77,15,-102,0.3405957943925234,535,204,64,61
704,3776696318235764727,0.35414663075553715,43,5,-69,0.26988636363636365,506,138,64,54
705,2775161508273678911,0.06393718961319875,4,0,0,0.07654185022026427,227,11,64,8
706,701065495682292077,0.22208086984378364,64,7,-70,0.47716346153846156,520,155,64,54
707,2884430885581365426,0.08197956807195736,18,0,-14,0.14492753623188404,276,43,64,20
708,1366223397435602426,0.29063356588349926,85,9,-141,0.38248820754716983,530,195,64,55
709,4175680128932901092,0.2912727097331909,50,5,-40,0.5060447080291971,548,148,64,57
710,444477447916572450,0.09349499578707718,6,3,55,0.29878618113912236,306,43,63,29
711,1429100991727151832,0.19184329116645538,65,10,-115,0.3100464876033058,484,154,64,54
712,3879276530399523524,0.5181465020751431,62,7,-57,0.2142478813559322,236,165,64,59
713,1324316679031767575,0.18758302385027928,60,10,-72,0.3748395790554415,487,171,64,51
714,746446024201560964,0.16070006077774965,43,1,-52,0.3021426537585421,439,132,64,48
715,2252442828644932216,0.10350694300339632,24,2,-10,0.1942373853211009,327,64,64,28
716,3444264176456956579,0.1547667847420408,36,2,-3,0.4432455156950673,446,98,64,43
717,696993251063561781,0.3377952192957789,57,6,-76,0.4788892998027613,507,158,64,56
718,3060907421657637166,0.0679852572646146,27,1,-17,0.12956544921354307,242,52,62,19
719,3148075111131273939,0.06893980171497571,2,0,0,0.10566893424036283,245,13,63,10
720,2629909573122542745,0.3727424516908908,73,11,-81,0.4370571862348178,494,197,64,61
721,11434723654075679,0.2971900852470421,57,6,-30,0.5232342007434945,538,152,64,52
722,44314162817009236,0.536075969635464,56,6,-60,0.044175392670157076,191,159,64,56
723,1432846454205554676,0.09221056810984313,24,1,-4,0.29403409090909094,308,53,64,26
724,1363033330948182347,0.15064906329663127,38,8,3,0.42130681818181814,440,121,64,50
725,4002257569280135938,0.5424027290337021,61,8,-83,0.09342948717948718,195,144,64,53
726,3080287695007420066,0.08453176759430146,38,3,-15,0.3514890906195254,299,95,63,34
727,1571788552043269923,0.050589645310370794,4,0,0,0.015603085553997253,184,9,62,4
728,4169947977190526928,0.4176184545015163,73,3,-71,0.37126865671641796,402,173,64,55
729,2389815825903043351,0.5351303424279821,48,9,-38,0.07880434782608697,161,136,64,52
730,1418501312376110689,0.03205767930882648,0,0,0,0.017073170731707332,123,2,60,2
731,1232963089889659162,0.3039065193338182,66,11,-49,0.4486469072164948,485,180,64,56
732,1392078952026154843,0.1177471271063465,52,5,-24,0.3579024869109948,382,132,64,47
733,654056218840687843,0.2865018764364985,52,10,-18,0.48207547169811316,530,160,64,56
734,341593812332058359,0.38617129490964924,82,3,-110,0.4590057439824945,457,193,64,62
735,2725860003762873626,0.4294992052833668,43,7,-37,0.44249682741116747,394,152,64,58
736,3422084051055027981,0.4464163035152459,54,9,-56,0.4375,388,153,64,53
737,2444693005518967266,0.14787886156381042,44,2,-44,0.32580722506393867,391,106,64,43
738,385067457201166709,0.3084475811775714,52,12,-46,0.506155303030303,528,183,64,57
739,467146139612994676,0.4260650670175638,60,8,-106,0.4640243902439024,410,172,64,56
740,2670924127626292571,0.3673860470944349,58,11,-61,0.3568479498861048,439,165,64,54
741,3369582405114365759,0.10338046976679326,34,2,15,0.2793828616352201,318,80,64,39
742,4199018064307314884,0.5790266390416153,52,7,-65,-0.1361607142857143,126,155,64,57
743,3567090104839610131,0.4082285517130005,49,11,-73,0.3622596153846154,390,145,64,53
744,4039037740793570096,0.08639820125423442,15,2,17,0.18532698675496684,302,45,64,22
745,650797888880837970,0.3245238340221996,80,21,-101,0.5016184086629002,531,208,64,59
746,902510415059759034,0.12154533731664141,42,3,23,0.3102009536784741,367,104,64,43
747,4303673896492413585,0.14303497164572782,40,10,-15,0.34533964019851116,403,134,64,54
748,1077944315164649473,0.5321793691430582,52,6,-109,0.38038793103448276,232,144,64,48
749,4041543335536316774,0.23255598398251795,58,13,-76,0.4920990566037736,530,163,64,57
750,1612611828964624431,0.2376147477118745,45,11,-23,0.5900680693069307,505,159,64,57
751,2439883105228550457,0.5515672995666172,55,11,-92,0.26325261780104714,191,179,64,58
752,4592616804056948612,0.2993985341819471,71,9,-20,0.4836529574861368,541,181,64,59
753,3843837540749925210,0.3612000226299133,69,8,-48,0.4205437219730942,446,181,64,55
754,2562807381060146392,0.4753959046269391,69,13,-54,0.34422031772575246,299,180,64,59
755,1418947779591381024,0.05479391155031706,5,0,0,0.05643489730544571,174,13,61,8
756,4610460951413907345,0.18699599988442592,64,9,-49,0.4566532258064516,496,179,64,55
757,2479132887499021889,0.47686190225865227,61,9,-97,0.2670115187713311,293,179,64,58
758,468677760752468316,0.46127180720513206,54,6,-30,0.3043438416422287,341,150,64,53
759,1436210635607823300,0.18919275435250588,45,3,-64,0.44438976377952755,508,124,64,46
760,2184437787336604160,0.14873155691403864,47,7,-41,0.47395833333333337,438,114,64,46
761,4430932574973491320,0.4787056020508,64,10,-108,0.31798589341692785,319,186,64,57
762,4437152035233120982,0.1809921281520956,46,8,-64,0.423328488372093,473,152,64,51
763,3315337866353445820,0.2774863498381939,74,9,-78,0.5144501879699248,532,195,64,55
764,633982518509175228,0.4720737018238667,64,7,-94,0.24908088235294112,306,166,64,57
765,2761270209409372981,0.37320094320981373,40,10,-48,0.5296336206896551,464,143,64,55
766,3101300718930833859,0.19894122554561577,43,3,-60,0.40697815533980586,515,124,64,52
767,2228041947031647931,0.4659379052416319,60,9,-53,0.4060739436619718,355,164,64,54
768,681834748440158514,0.17427906165183937,40,6,31,0.46926229508196726,488,106,64,43
769,1174835349971665801,0.23768659747145474,60,6,-39,0.5807242990654206,535,163,64,48
770,3367155247362103581,0.4449918667282536,54,9,-77,0.4023978531855956,361,163,64,54
771,2926337880928896161,0.23863015893832612,67,5,-72,0.5008333333333334,525,170,64,60
772,3497054317976922140,0.48936629972258266,53,8,-70,0.2410714285714286,252,151,64,60
773,2007529444955276692,0.5763550065361189,65,12,-93,0.019743217054263573,129,161,64,57
774,1925942665061269774,0.35556966653815275,65,10,-102,0.3941430020283976,493,185,64,56
775,2346358298645398024,0.07588134937831567,20,1,-13,0.24466562581316675,244,54,63,18
776,849410700512505904,0.19954001780652514,40,2,-47,0.3955692190669371,493,137,64,54
777,2920489799695213568,0.10841948592192562,23,6,28,0.37856359649122806,342,83,64,37
778,4064718119233512007,0.14502618230923583,53,6,-50,0.5845462328767124,438,143,64,46
779,2712593769338469156,0.23205772225224197,62,4,-93,0.4456873800383877,521,162,64,59
780,4029398882498885807,0.04970102806270948,2,0,0,0.004362276692978728,166,5,58,2
781,3722768907663819626,0.2665678131185717,38,5,-31,0.4003072820037106,539,110,64,46
782,1165042934073575165,0.09867504300108347,9,0,17,0.33343160377358494,318,31,64,18
783,3929932100136058152,0.4520965607308641,57,10,-79,0.41927083333333337,384,176,64,61
784,207147509607306115,0.044384198839675454,2,0,0,0.006331858790875167,189,5,61,2
785,660309310339214679,0.49184307678583566,59,6,-89,0.33854166666666663,258,175,64,61
786,4186957267448950427,0.040967845413726355,0,0,0,0.06711065573770492,160,5,61,6
787,1113414877696510695,0.3935576791360612,69,4,-72,0.38931650246305416,406,155,64,52
788,835602370032011926,0.20300172980631565,52,9,-67,0.4224829766536965,514,147,64,51
789,993117781726260362,0.5134075448537819,58,8,-25,0.2319277108433735,249,154,64,60
790,902910841771191749,0.25887042517953357,67,16,-95,0.4461871442125237,527,181,64,55
791,1110061123260172096,0.21536913829315024,47,6,-68,0.40625,536,135,64,51
792,1189705245412510575,0.03291212072086892,0,0,0,0.00925925925925919,108,1,54,1
793,3296289113983243897,0.11701728263861526,45,7,-36,0.51,375,126,64,46
794,2627978397711434267,0.19289799489489187,65,4,-43,0.4463357588357588,481,159,64,52
795,1610289599955216736,0.18156475113658568,69,4,-49,0.3895788336933045,463,158,64,51
796,1452979635208579774,0.07093220989340157,15,0,45,0.1470588235294118,238,39,64,20
797,2485940680574200618,0.10928877615887116,30,3,-14,0.267529432132964,361,81,64,35
798,964865864128683811,0.4395880795137125,48,9,-31,0.41588406735751293,386,166,64,59
799,2895121230323010741,0.08834195372437464,13,0,42,0.2531500572737686,291,46,63,20
800,2567979452310075824,0.10229396652934883,44,4,-60,0.3459253347521504,358,118,63,45
801,3316551926790036949,0.33457375935019146,64,15,-65,0.5152616279069767,516,170,64,54
802,562597167923247784,0.3436894614542375,62,7,-88,0.41549744897959184,490,183,64,54
803,3076896404162946459,0.5023075893054869,50,9,-27,0.2600190839694656,262,139,64,54
804,1356276150835187730,0.19808950661446206,56,8,-32,0.39450901328273247,527,137,64,51
805,3875392875292356499,0.35110135397043235,54,9,-45,0.5326932730923695,498,161,64,53
806,2620527371749175101,0.3125824686043286,62,18,-81,0.4790057915057915,518,189,64,55
807,3463223169861468447,0.20748787606664598,60,5,-45,0.4819664031620553,506,149,64,54
808,1793215658739029238,0.07396109910717866,6,0,-8,0.1376661933651736,254,23,61,16
809,751614082613907583,0.4757582973457612,79,9,-83,0.27286706349206347,315,189,64,60
810,3367666226005132558,0.3925406999175162,54,16,-98,0.34530895691609975,441,180,64,59
811,4341687060681199783,0.08502163980679175,5,0,0,0.1919798951048951,286,30,64,20
812,3964030707517162233,0.34231864684436697,44,8,-37,0.49110721442885774,499,135,64,51
813,296927288919068054,0.5374636876472713,72,5,-97,0.3076261467889908,218,173,64,54
814,3844973892230338637,0.2893474338731609,60,11,-67,0.39417196673189825,511,161,64,53
815,1065527162867172591,0.13642857236183287,47,6,12,0.46432230679156905,427,130,64,49
816,3829377665531942320,0.24324504334885436,55,7,-69,0.4410291438979964,549,170,64,57
817,1481250832564192852,0.09255499073879071,20,3,53,0.3285256410256411,312,59,64,27
818,1031444810397682651,0.18755035522384972,67,5,-102,0.3886923480083857,477,170,64,61
819,1499891028710213805,0.2116585636589782,56,6,-71,0.5587262974051896,501,159,64,57
820,2314444636853759350,0.1991743511276352,69,10,-96,0.4024209486166008,506,177,64,58
821,1510972135172052747,0.18976350065104033,67,5,-58,0.4465042372881356,472,157,64,51
822,2115020633601791296,0.48802800171291083,47,7,-50,0.21516203703703707,270,148,64,52
823,544016907942161946,0.18344927069340197,57,3,-63,0.4215580628803245,493,171,64,54
824,4138143582785225449,0.34714117050253096,50,10,-80,0.569327731092437,476,166,64,60
825,3181695613523584047,0.28252972704348045,34,8,-35,0.4577891791044776,536,133,64,56
826,2969887921869161838,0.4553889108737848,42,13,-41,0.420326166180758,343,138,64,48
827,2740400439854646469,0.44905140580541175,35,4,-20,0.379872311827957,372,117,64,51
828,3188485528296053725,0.18590144877538162,48,10,-37,0.3047831632653061,490,125,64,40
829,2544807652698266280,0.207249217846735,52,12,-105,0.30078125,512,159,64,54
830,1592888236062111386,0.5637969989066496,40,13,-40,0.006249999999999978,160,134,64,54
831,3604929306443724001,0.34523664841793134,65,6,-119,0.3942356850715747,489,186,64,59
832,2988280250852028087,0.4209459120929337,52,10,-81,0.3588554038004751,421,147,64,51
833,432029269063014453,0.29897848262379373,67,12,-66,0.5417160815939279,527,184,64,58
834,2735498325041535080,0.3317868296677311,42,6,16,0.5114381067961165,515,131,64,49
835,2097611628461849753,0.5475338458592306,60,9,-20,-0.17113095238095238,147,160,64,54
836,4452633913494569124,0.1732042261793198,66,9,-110,0.39049613402061856,485,201,64,60
837,9042515009189074,0.11379271722343151,24,2,21,0.33533653846153844,364,56,64,24
838,2077582569244800522,0.14322339412515558,48,3,-58,0.5307112068965517,406,128,64,48
839,4507507545751962528,0.39182078004483534,65,5,-73,0.6196536144578313,415,166,64,54
840,1448804612658070053,0.1336502245704283,31,2,-14,0.5078869047619048,420,96,64,46
841,3502331282105948279,0.08954596304645225,13,2,0,0.3749522171253823,327,46,64,31
842,2794464726171704219,0.23675013562871153,35,8,-59,0.5396634615384616,520,144,64,56
843,2154135949609750616,0.09255044502199151,27,5,51,0.24612958715596334,327,78,64,33
844,3014403544604106011,0.24720132304613884,67,2,-69,0.4413912835249042,522,173,64,61
845,3628759774725301178,0.38445210419126186,43,8,0,0.5201865468409586,459,127,64,50
846,4226053305467769908,0.03238790592704571,0,0,0,0.0,128,0,57,0
847,3438728855653327267,0.08656195384313864,3,0,-4,0.2075702075702076,273,21,63,18
848,3787137261886727672,0.16513061931141032,28,8,9,0.4776785714285714,448,127,64,52
849,4505136081397026350,0.4726533378787695,46,8,-31,0.23958333333333337,300,156,64,53
850,1379767400114191316,0.1621710859767445,49,7,-27,0.4913394919168591,433,139,64,49
851,245666517951104376,0.19145961443141504,49,7,-49,0.4601349580712788,477,150,64,48
852,1173750721399051576,0.31829916288553056,58,7,-70,0.41341911764705885,510,154,64,55
853,3327484429019704244,0.30283845482924254,46,11,-26,0.482665547024952,521,149,64,55
854,3574267159316443809,0.27326997183332125,62,6,-116,0.32638888888888884,522,174,64,58
855,3341533070939701689,0.27805074346560554,81,3,-74,0.4426259881422925,506,190,64,60
856,1903852710364007806,0.18925025719150262,58,3,-58,0.5557851239669421,484,152,64,49
857,227377174408911514,0.5483093420331712,40,6,-25,0.1182692307692308,195,136,64,55
858,921719918624849585,0.2538996900474126,55,8,-49,0.44023964354527934,519,153,64,56
859,3204650935575828282,0.2899086462212159,60,8,-109,0.34375,512,173,64,54
860,3397310804072788757,0.37645093501701743,49,12,-29,0.3921393171806168,454,156,64,50
861,478324270566557021,0.5531363064204057,65,10,-56,0.1332821038251366,183,166,64,50
862,3278741803091607378,0.44686970007720983,56,5,-36,0.3625844594594595,370,162,64,55
863,2922781365237057581,0.20128700501782146,50,5,-39,0.47005727091633465,502,156,64,59
864,3539749020934429204,0.13078197876262013,44,4,-41,0.33637820512820515,390,117,64,46
865,1173658515659637169,0.3341830176136542,41,11,-25,0.6029341603053435,524,143,64,58
866,2023920142901827590,0.06681154077116688,13,0,5,0.17927003816793896,262,34,64,15
867,348147874851116308,0.18884966911033188,35,3,20,0.546875,492,103,64,45
868,235348186355746246,0.5275241696689297,65,8,-33,0.2507476076555024,209,170,64,55
869,3486382911454946455,0.354649549887667,40,12,-72,0.39479813664596275,483,153,64,51
870,798640796614026351,0.3443890878233757,50,11,-65,0.5163451903807615,499,166,64,58
871,1313587876789392206,0.43177658912299755,77,10,-92,0.41527777777777775,360,190,64,60
872,2546208189401997741,0.4510026441219555,38,8,-40,0.32232142857142854,350,135,64,53
873,1479988092602725179,0.32318057974630043,49,11,-35,0.4398992322456814,521,164,64,59
874,3622774249410101440,0.13972903263332254,56,2,-57,0.34100609756097566,410,135,64,50
875,1656685608432356763,0.39703530932396314,58,8,-74,0.4480954935622318,466,171,64,59
876,253449903298398621,0.2975425747773351,62,8,-106,0.4155783582089553,536,168,64,53
877,1097530730617043136,0.2261532299639043,73,9,-82,0.6146967821782178,505,174,64,56
878,2094892173070714590,0.13050065398538918,43,2,-24,0.23699238578680204,394,103,64,35
879,1398741604258856350,0.06676560559544732,11,1,7,0.05585407239819007,221,29,64,14
880,2402337470556298280,0.4931797273157353,65,11,-128,0.27024021352313166,281,175,64,56
881,921451177013813421,0.24507970317805225,39,7,-49,0.3428735493230174,517,106,64,48
882,2572329098205277766,0.4630053820231645,60,12,-109,0.2823932926829268,328,165,64,53
883,1704423146969899052,0.42540207191334317,72,1,-83,0.4244858611825193,389,161,64,58
884,906092367315262522,0.10667332893391875,13,1,17,0.23259730538922152,334,41,64,23
885,1367644935286630755,0.20534757038149562,57,7,-82,0.37332053742802307,521,148,64,49
886,4086811960924671747,0.5216982078160782,69,8,-87,0.20433859223300976,206,164,64,52
887,2280139715145172528,0.42236468195567,64,9,-26,0.45146437198067635,414,169,64,55
888,2004095012429553814,0.35024050902023235,47,4,-63,0.5301294820717132,502,142,64,54
889,4561427900722684249,0.05125685648603254,2,0,0,-0.005984907624251856,183,4,63,1
890,1161409188337547585,0.5255730264018648,69,8,-53,0.08355978260869568,184,167,64,54
891,666329934828835838,0.0540533147921538,2,0,0,0.03464593544025685,194,6,61,4
892,653617382869727975,0.11935475824819734,37,7,-12,0.3548701298701299,385,116,64,44
893,2743115101607159210,0.5791135745327239,39,4,-53,0.05970528455284552,123,111,64,44
894,46694237734127013,0.04949887031427072,0,0,0,0.031746031746031744,189,3,63,3
895,2231466316583501201,0.4502031380672438,81,5,-134,0.289801217765043,349,191,64,57
896,4088932138389158360,0.1494566617934157,39,2,-33,0.32968369829683697,411,103,64,41
897,597291779435355416,0.3911670216836279,62,5,-58,0.5049377705627706,462,164,64,53
898,645179403372130614,0.5188288816564213,51,6,-42,0.17159346846846846,222,160,64,54
899,2138839074814944559,0.09735967849165111,17,0,-1,0.15914536741214058,313,49,64,25
900,3910064037150023021,0.3550066854689491,43,12,-94,0.3471337579617835,471,166,64,51
901,197488970597689402,0.1793437760596445,57,10,-68,0.4274255646817249,487,149,64,55
902,2962185921713274335,0.3329000796391288,56,9,-63,0.5085338899803536,509,170,64,61
903,4250713408795375833,0.12088945124144121,46,7,-64,0.2841499307479224,361,125,64,44
904,3289335792583236085,0.3195996970661505,45,3,-46,0.4008341633466136,502,135,64,51
905,4083585795152059330,0.3955324408712963,51,7,-66,0.37143640350877194,456,146,64,55
906,1466976458305088252,0.4377752619751449,43,6,-43,0.45572916666666663,384,132,64,53
907,3751707804438536059,0.5465475931794612,60,16,-57,0.04095394736842106,190,165,64,57
908,3118544094266349172,0.14398034158595246,38,4,-4,0.5256885593220338,413,116,64,45
909,210569811202620114,0.47981455547293883,58,13,-70,0.3289366883116883,308,166,64,56
910,1885342969065018185,0.1199979838702289,36,1,2,0.3111092931937173,382,100,64,32
911,3350373890325409782,0.20850501617544853,49,2,-38,0.4320784600389863,513,153,64,56
912,3344348925064849592,0.44455521214467003,39,14,-41,0.5076601671309192,359,128,64,56
913,1276565376363515546,0.10557861448984171,19,4,-13,0.23798771676300579,346,55,64,30
914,1442064456450430746,0.16595259051985115,40,10,-15,0.46898221868365175,471,140,64,50
915,764394167151494211,0.4938837730676586,69,5,-21,0.2189922480620155,258,158,64,50
916,4562380419274608301,0.0940947467769097,24,7,-7,0.35165662650602414,332,77,64,42
917,4545725475697768093,0.040435511214877436,0,0,0,0.05252100840336138,136,5,56,5
918,1470086776787122382,0.2689819462646401,69,10,-63,0.49134711155378485,502,185,64,59
919,2713935284044842752,0.3307818715413861,67,7,-117,0.30929182509505704,526,168,64,53
920,1634954307517129799,0.5631413095657222,74,1,-61,-0.028086656441717817,163,170,64,56
921,1478651393723883767,0.3617701713956021,71,7,-108,0.5215010683760684,468,193,64,57
922,1427949578820335091,0.25363004719519006,61,5,-76,0.47199905482041593,529,190,64,59
923,2433547160098616615,0.4332661613395189,66,12,-126,0.39529639175257736,388,203,64,61
924,243800588023383357,0.1091410243108128,35,6,-20,0.39902597402597406,385,107,64,48
925,4211903260318782991,0.25746471449698133,51,7,-24,0.46330445544554455,505,153,64,51
926,4350032838925421995,0.41894531045101785,59,11,-118,0.2527709359605911,406,193,64,58
927,3464186651793833065,0.07420700597210657,7,0,0,0.10788690476190477,252,24,64,13
928,2396987426759199723,0.5454150930497832,53,6,-76,0.22499999999999998,195,154,64,58
929,2219478624646513488,0.2034054584202364,64,5,-38,0.47550000000000003,500,144,64,52
930,2758283190012977482,0.5449882939810877,57,4,-40,0.16873429648241206,199,165,64,55
931,964539652666078822,0.3992959641892107,68,8,-55,0.5205918874172185,453,166,64,59
932,1968116412449797030,0.2975830050392267,66,10,-81,0.4149862224448898,499,178,64,58
933,4304522577706398920,0.3319131585525211,60,2,-45,0.40861344537815125,476,148,64,52
934,2463084383868886655,0.2997583526061695,44,5,-19,0.5369344149908593,547,127,64,50
935,264586152178414079,0.03879437038907715,2,0,0,0.03192848020434225,135,5,58,4
936,2808616443027675261,0.17313274978786283,37,4,-18,0.44372203579418346,447,113,64,46
937,1384247381952120987,0.4060098033455689,64,7,-62,0.4392564402810304,427,168,64,59
938,1330025563183419180,0.16555204168447907,61,14,-39,0.515428870292887,478,181,64,52
939,1725922599684397624,0.04330380787681185,2,0,0,0.05902038332826287,173,8,57,6
940,1982059263533087969,0.21654483927820417,68,5,-44,0.4620091948310139,503,181,64,57
941,4215311530366146878,0.4054842831028022,61,9,-74,0.3856963087248322,447,167,64,55
942,2805511745710691118,0.06959948130634272,16,2,-20,0.1716926398165014,243,46,61,21
943,218165656701728732,0.38042632784655844,61,15,-91,0.44584276018099545,442,184,64,57
944,3109627115729213200,0.3421903489176851,53,5,-49,0.48554841897233203,506,167,64,58
945,2498938616050651397,0.3582837153121628,45,8,-54,0.45339095744680846,470,142,64,49
946,8136150664473662,0.3077829284133738,64,6,-99,0.43859011627906974,516,171,64,58
947,1216538383887509402,0.09354367700972002,20,0,-35,0.3858024691358025,324,72,64,38
948,1786990033103577377,0.2272665113976822,72,6,-10,0.5279300682261209,513,164,64,56
949,1281126979078879975,0.4721675889594887,60,2,-55,0.26642749244712993,331,153,64,58
950,2242590109896902167,0.4807935988891098,48,6,-64,0.3918891585760518,309,165,64,54
951,909578033482432947,0.5198432474343616,73,9,-132,0.39156839622641515,265,198,64,61
952,1337430107329953826,0.04699570825498586,2,0,0,0.03326612903225812,192,6,62,4
953,1123435883044799733,0.3585789341549732,69,8,-62,0.44122023809523814,462,183,64,61
954,4355136451721212014,0.3694997348304509,47,4,-62,0.39728260869565213,460,138,64,57
955,3228437690873199629,0.0336638846634997,0,0,0,0.036339522546419145,130,2,58,3
956,3182651175724223470,0.550509998209994,50,8,-45,-0.004166666666666652,150,130,64,48
957,4215750374575404110,0.34807133254768446,54,7,-52,0.4196216793168881,527,152,64,50
958,1042677910492205487,0.1590216269904176,48,10,-52,0.4679651826484018,438,155,64,57
959,1318447688281030611,0.10050931080635477,24,0,-5,0.28661242603550297,338,56,64,28
960,3489922384470349563,0.2625652071988186,63,6,-76,0.5378161478599222,514,169,64,54
961,981393711040981883,0.4537480538009458,62,6,-65,0.3094561688311688,308,167,64,57
962,634490630307568250,0.09771311106017193,24,4,32,0.34805327868852454,305,62,64,26
963,2102755979222460762,0.30303250384134833,54,10,-94,0.5036764705882353,544,177,64,57
964,3422728437678727343,0.06826988548848142,4,0,0,0.03628399581589958,239,10,64,5
965,1195009917698589058,0.3718959858330115,45,9,-23,0.4728899572649573,468,160,64,60
966,4042885729221408295,0.49651674699761195,41,3,-16,0.41318259385665534,293,133,64,54
967,2648537279497232960,0.06515762453400725,4,0,0,0.09379509379509376,231,15,63,10
968,2318647201184282373,0.25184868320803244,43,9,-5,0.5137051039697542,529,130,64,47
969,1081607280012988424,0.0731586256502474,3,0,-3,0.04107862903225812,256,9,62,6
970,1704280858505082834,0.3299821479263805,51,8,-46,0.4709645669291339,508,156,64,59
971,3937458080361168098,0.2840982228977888,68,7,-67,0.5083409506398537,547,165,64,51
972,1827258537694552628,0.15755983062452747,58,6,-79,0.35860426008968604,446,156,64,50
973,2409138632308296279,0.17133077416508297,48,5,-91,0.3623024830699775,443,152,64,50
974,1819907843646046680,0.11531611038776525,30,6,-3,0.2717747813411079,343,92,64,37
975,3002772946069106698,0.09343468105969899,23,0,19,0.23720637583892612,298,50,64,17
976,1136375702239785842,0.13909212394475953,64,7,-20,0.47631777108433737,415,166,64,52
977,1558309195924184773,0.4111733570875009,47,9,-63,0.4697966507177034,418,154,64,53
978,3231506194924281642,0.4454531192525734,61,1,-17,0.40743073047858946,397,153,64,57
979,729689584399393809,0.3653971219170287,65,4,-54,0.4806115591397849,465,172,64,56
980,4105339020736236134,0.20780472259627805,58,4,-31,0.5347082494969819,497,138,64,52
981,1042194997572700436,0.33451413570694,47,14,-73,0.5133236434108527,516,179,64,59
982,1973637207466352601,0.46678185617724566,78,6,-102,0.43206885026737973,374,180,64,58
983,4316792171060139874,0.47785460221160336,62,8,-128,0.3239859271523179,302,167,64,54
984,4106594374407440123,0.3044808709481836,58,12,-49,0.4969758064516129,496,159,64,51
985,1118525926297469782,0.23865946591242335,38,9,-33,0.45394736842105265,532,124,64,48
986,3436964699137266654,0.12903330990829354,42,0,0,0.3998387592137592,407,98,64,47
987,245483666750235863,0.3607043956665235,61,12,-52,0.34850823045267487,486,156,64,56
988,295603639327436086,0.0525232314441407,4,0,0,0.059374999999999956,180,9,64,7
989,3058107719798520419,0.2263028613833609,61,9,-55,0.5658070388349514,515,174,64,56
990,1731012856396581687,0.3606523921196724,66,3,5,0.5044735477178424,482,151,64,52
991,1635667409508439401,0.3179478765979827,52,3,-86,0.5028519417475729,515,165,64,57
992,367918186140059522,0.32236127953278193,43,12,0,0.5149702380952381,525,148,64,56
993,2450813379387218449,0.26813647194985796,61,2,-60,0.46477900552486184,543,147,64,51
994,4004974709828990610,0.1844670426618747,54,4,-62,0.5376288659793814,485,165,64,53
995,2898656937696101773,0.36623513917772715,71,7,-101,0.4607875799573561,469,200,64,55
996,2731099303844607263,0.21360461904346,47,5,-56,0.4807809454191033,513,138,64,54
997,4385255617849841601,0.15174865600815587,30,2,-20,0.3481003480278422,431,72,64,32
998,3324577359910246541,0.04633549924583513,0,0,0,0.03616200578592088,170,5,61,4
999,661504484268333167,0.5682771067718371,44,8,-38,-0.061422413793103425,145,133,64,50
